Name,Frequency,Gender,Include?
EMMA,20355,F,Yes
OLIVIA,19553,F,Yes
NOAH,19511,M,Yes
LIAM,18281,M,Yes
SOPHIA,17327,F,Yes
MASON,16535,M,Yes
AVA,16286,F,Yes
JACOB,15816,M,Yes
WILLIAM,15809,M,Yes
ISABELLA,15504,F,Yes
ETHAN,14991,M,Yes
MIA,14820,F,Yes
JAMES,14705,M,Yes
ALEXANDER,14460,M,Yes
MICHAEL,14321,M,Yes
BENJAMIN,13608,M,Yes
ELIJAH,13511,M,Yes
DANIEL,13408,M,Yes
AIDEN,13378,M,Yes
LOGAN,12862,M,Yes
MATTHEW,12648,M,Yes
ABIGAIL,12311,F,Yes
LUCAS,12246,M,Yes
JACKSON,12182,M,Yes
EMILY,11727,F,Yes
DAVID,11691,M,Yes
OLIVER,11592,M,Yes
JAYDEN,11475,M,Yes
JOSEPH,11375,M,Yes
CHARLOTTE,11332,F,Yes
GABRIEL,10782,M,Yes
SAMUEL,10733,M,Yes
CARTER,10727,M,Yes
ANTHONY,10564,M,Yes
JOHN,10303,M,Yes
HARPER,10241,F,Yes
DYLAN,10232,M,Yes
LUKE,10219,M,Yes
HENRY,10112,M,Yes
MADISON,10038,F,Yes
ANDREW,10027,M,Yes
ISAAC,9878,M,Yes
AMELIA,9795,F,Yes
CHRISTOPHER,9742,M,Yes
JOSHUA,9720,M,Yes
ELIZABETH,9656,F,Yes
SOFIA,9650,F,Yes
WYATT,9597,M,Yes
SEBASTIAN,9569,M,Yes
OWEN,9549,M,Yes
EVELYN,9313,F,Yes
AVERY,9298,F,Yes
CALEB,8727,M,Yes
NATHAN,8530,M,Yes
RYAN,8474,M,Yes
JACK,8456,M,Yes
HUNTER,8284,M,Yes
LEVI,8236,M,Yes
CHRISTIAN,8127,M,Yes
JAXON,8015,M,Yes
JULIAN,8003,M,Yes
LANDON,7896,M,Yes
CHLOE,7884,F,Yes
ELLA,7852,F,Yes
GRAYSON,7852,M,Yes
GRACE,7589,F,Yes
JONATHAN,7577,M,Yes
VICTORIA,7575,F,Yes
ISAIAH,7528,M,Yes
AUBREY,7357,F,Yes
CHARLES,7125,M,Yes
THOMAS,7123,M,Yes
AARON,7113,M,Yes
SCARLETT,7100,F,Yes
ELI,7087,M,Yes
ZOEY,6900,F,Yes
CONNOR,6729,M,Yes
JEREMIAH,6724,M,Yes
CAMERON,6713,M,Yes
ADDISON,6683,F,Yes
LILY,6617,F,Yes
JOSIAH,6605,M,Yes
LILLIAN,6571,F,Yes
ADRIAN,6489,M,Yes
NATALIE,6466,F,Yes
HANNAH,6372,F,Yes
ARIA,6371,F,Yes
LAYLA,6289,F,Yes
COLTON,6270,M,Yes
BROOKLYN,6268,F,Yes
JORDAN,6254,M,Yes
BRAYDEN,6220,M,Yes
NICHOLAS,6194,M,Yes
ROBERT,6076,M,Yes
ANGEL,6059,M,Yes
ALEXA,6029,F,Yes
HUDSON,6008,M,Yes
ZOE,5995,F,Yes
LINCOLN,5959,M,Yes
PENELOPE,5921,F,Yes
EVAN,5863,M,Yes
DOMINIC,5811,M,Yes
AUSTIN,5767,M,Yes
GAVIN,5741,M,Yes
NOLAN,5713,M,Yes
RILEY,5707,F,Yes
LEAH,5585,F,Yes
AUDREY,5581,F,Yes
SAVANNAH,5413,F,Yes
PARKER,5383,M,Yes
ADAM,5360,M,Yes
CHASE,5340,M,Yes
ALLISON,5329,F,Yes
JACE,5311,M,Yes
SAMANTHA,5304,F,Yes
NORA,5301,F,Yes
IAN,5288,M,Yes
SKYLAR,5258,F,Yes
CAMILA,5257,F,Yes
COOPER,5238,M,Yes
EASTON,5199,M,Yes
KEVIN,5157,M,Yes
JOSE,5146,M,Yes
TYLER,5131,M,Yes
ANNA,5094,F,Yes
BRANDON,5085,M,Yes
ASHER,5059,M,Yes
PAISLEY,5056,F,Yes
JAXSON,5028,M,Yes
MATEO,4987,M,Yes
JASON,4968,M,Yes
ARIANA,4933,F,Yes
AYDEN,4862,M,Yes
ELLIE,4838,F,Yes
AALIYAH,4836,F,Yes
ZACHARY,4809,M,Yes
CLAIRE,4805,F,Yes
VIOLET,4779,F,Yes
STELLA,4769,F,Yes
SADIE,4731,F,Yes
CARSON,4723,M,Yes
MILA,4712,F,Yes
XAVIER,4605,M,Yes
GABRIELLA,4579,F,Yes
LEO,4561,M,Yes
LUCY,4512,F,Yes
ARIANNA,4498,F,Yes
KENNEDY,4496,F,Yes
SARAH,4476,F,Yes
MADELYN,4467,F,Yes
ELEANOR,4402,F,Yes
KAYLEE,4346,F,Yes
CAROLINE,4304,F,Yes
EZRA,4299,M,Yes
BENTLEY,4287,M,Yes
HAZEL,4270,F,Yes
SAWYER,4245,M,Yes
HAILEY,4221,F,Yes
KAYDEN,4216,M,Yes
BLAKE,4211,M,Yes
NATHANIEL,4176,M,Yes
GENESIS,4148,F,Yes
KYLIE,4142,F,Yes
RYDER,4130,M,Yes
THEODORE,4111,M,Yes
AUTUMN,4101,F,Yes
PIPER,4100,F,Yes
MAYA,4099,F,Yes
ELIAS,4062,M,Yes
NEVAEH,3968,F,Yes
SERENITY,3943,F,Yes
PEYTON,3888,F,Yes
TRISTAN,3885,M,Yes
ROMAN,3862,M,Yes
MACKENZIE,3838,F,Yes
LEONARDO,3810,M,Yes
BELLA,3760,F,Yes
CAMDEN,3750,M,Yes
EVA,3735,F,Yes
TAYLOR,3732,F,Yes
NAOMI,3731,F,Yes
BRODY,3723,M,Yes
LUIS,3718,M,Yes
MILES,3701,M,Yes
MICAH,3700,M,Yes
VINCENT,3697,M,Yes
JUSTIN,3693,M,Yes
AUBREE,3617,F,Yes
AURORA,3613,F,Yes
GREYSON,3578,M,Yes
DECLAN,3560,M,Yes
MAXWELL,3519,M,Yes
JUAN,3510,M,Yes
MELANIE,3482,F,Yes
COLE,3475,M,Yes
DAMIAN,3474,M,Yes
LYDIA,3474,F,Yes
BRIANNA,3459,F,Yes
RUBY,3433,F,Yes
KATHERINE,3429,F,Yes
ASHLEY,3409,F,Yes
CARLOS,3400,M,Yes
MAX,3398,M,Yes
ALEXIS,3395,F,Yes
ALICE,3395,F,Yes
CORA,3378,F,Yes
JULIA,3347,F,Yes
HARRISON,3316,M,Yes
MADELINE,3305,F,Yes
WESTON,3305,M,Yes
FAITH,3288,F,Yes
BRANTLEY,3282,M,Yes
BRAXTON,3278,M,Yes
ANNABELLE,3250,F,Yes
ALYSSA,3233,F,Yes
AXEL,3229,M,Yes
DIEGO,3218,M,Yes
ABEL,3216,M,Yes
WESLEY,3213,M,Yes
SANTIAGO,3202,M,Yes
ISABELLE,3198,F,Yes
VIVIAN,3183,F,Yes
JESUS,3166,M,Yes
GIANNA,3161,F,Yes
SILAS,3153,M,Yes
GIOVANNI,3118,M,Yes
BRYCE,3114,M,Yes
JAYCE,3105,M,Yes
BRYSON,3088,M,Yes
ALEX,3085,M,Yes
QUINN,3077,F,Yes
CLARA,3049,F,Yes
REAGAN,3038,F,Yes
EVERETT,3032,M,Yes
GEORGE,3032,M,Yes
ERIC,3028,M,Yes
IVAN,3028,M,Yes
EMMETT,3026,M,Yes
KAIDEN,3006,M,Yes
ASHTON,2998,M,Yes
KHLOE,2985,F,Yes
ALEXANDRA,2983,F,Yes
HADLEY,2957,F,Yes
ELIANA,2956,F,Yes
KINGSTON,2929,M,Yes
SOPHIE,2918,F,Yes
LONDON,2904,F,Yes
JONAH,2882,M,Yes
ELENA,2877,F,Yes
JAMESON,2838,M,Yes
KIMBERLY,2826,F,Yes
KAI,2819,M,Yes
BAILEY,2818,F,Yes
MARIA,2803,F,Yes
LUNA,2790,F,Yes
WILLOW,2776,F,Yes
JASMINE,2774,F,Yes
MADDOX,2772,M,Yes
TIMOTHY,2763,M,Yes
KINSLEY,2762,F,Yes
EZEKIEL,2755,M,Yes
RYKER,2738,M,Yes
VALENTINA,2738,F,Yes
EMMANUEL,2723,M,Yes
KAYLA,2718,F,Yes
HAYDEN,2712,M,Yes
ANTONIO,2708,M,Yes
DELILAH,2706,F,Yes
ANDREA,2699,F,Yes
BENNETT,2690,M,Yes
STEVEN,2689,M,Yes
NATALIA,2686,F,Yes
LAUREN,2677,F,Yes
MORGAN,2670,F,Yes
RYLEE,2668,F,Yes
RICHARD,2659,M,Yes
SYDNEY,2647,F,Yes
JUDE,2636,M,Yes
ADALYNN,2612,F,Yes
MARY,2602,F,Yes
LUCA,2593,M,Yes
XIMENA,2591,F,Yes
EDWARD,2587,M,Yes
JOEL,2583,M,Yes
VICTOR,2555,M,Yes
MIGUEL,2552,M,Yes
JADE,2549,F,Yes
LILIANA,2545,F,Yes
MALACHI,2543,M,Yes
KING,2540,M,Yes
PATRICK,2520,M,Yes
BRIELLE,2519,F,Yes
KALEB,2510,M,Yes
IVY,2489,F,Yes
TRINITY,2485,F,Yes
BRYAN,2478,M,Yes
JOSEPHINE,2477,F,Yes
ALAN,2466,M,Yes
ADALYN,2450,F,Yes
JOCELYN,2441,F,Yes
MARCUS,2436,M,Yes
PRESTON,2428,M,Yes
ABRAHAM,2423,M,Yes
CALVIN,2421,M,Yes
COLIN,2414,M,Yes
EMERY,2409,F,Yes
ADELINE,2391,F,Yes
BRADLEY,2385,M,Yes
JEREMY,2380,M,Yes
KYLE,2374,M,Yes
GRAHAM,2367,M,Yes
JORDYN,2362,F,Yes
GRANT,2349,M,Yes
ARIEL,2332,F,Yes
JESSE,2327,M,Yes
KADEN,2321,M,Yes
EVERLY,2315,F,Yes
ALEJANDRO,2303,M,Yes
LILLY,2294,F,Yes
OSCAR,2286,M,Yes
JASE,2278,M,Yes
PAIGE,2278,F,Yes
KARTER,2272,M,Yes
ISLA,2263,F,Yes
LYLA,2254,F,Yes
MAVERICK,2250,M,Yes
AIDAN,2242,M,Yes
MAKAYLA,2237,F,Yes
MOLLY,2235,F,Yes
TUCKER,2219,M,Yes
EMILIA,2206,F,Yes
AMIR,2200,M,Yes
BRIAN,2200,M,Yes
MYA,2189,F,Yes
KENDALL,2186,F,Yes
IKER,2171,M,Yes
MELODY,2168,F,Yes
MATTEO,2155,M,Yes
ISABEL,2148,F,Yes
BROOKE,2139,F,Yes
CADEN,2121,M,Yes
ZAYDEN,2119,M,Yes
MCKENZIE,2117,F,Yes
NICOLE,2106,F,Yes
PAYTON,2103,F,Yes
MARGARET,2089,F,Yes
MARIAH,2087,F,Yes
AUGUST,2059,M,Yes
EDEN,2050,F,Yes
MARK,2050,M,Yes
MAXIMUS,2047,M,Yes
ATHENA,2040,F,Yes
AMY,2031,F,Yes
NORAH,2021,F,Yes
BRADY,2020,M,Yes
KENNETH,2017,M,Yes
PAUL,2015,M,Yes
LONDYN,2013,F,Yes
JADEN,1998,M,Yes
NICOLAS,1985,M,Yes
VALERIA,1974,F,Yes
BEAU,1966,M,Yes
SARA,1962,F,Yes
ALIYAH,1958,F,Yes
ANGELINA,1952,F,Yes
GRACIE,1934,F,Yes
DEAN,1930,M,Yes
ROSE,1928,F,Yes
JAKE,1914,M,Yes
PETER,1913,M,Yes
XANDER,1912,M,Yes
RACHEL,1911,F,Yes
ELLIOT,1896,M,Yes
JULIANA,1896,F,Yes
LAILA,1883,F,Yes
FINN,1881,M,Yes
BROOKLYNN,1879,F,Yes
VALERIE,1873,F,Yes
DEREK,1872,M,Yes
SEAN,1870,M,Yes
CAYDEN,1862,M,Yes
ELLIOTT,1859,M,Yes
ALINA,1851,F,Yes
JAX,1849,M,Yes
REESE,1848,F,Yes
JASPER,1839,M,Yes
ELISE,1836,F,Yes
LORENZO,1834,M,Yes
OMAR,1831,M,Yes
BECKETT,1816,M,Yes
ELIZA,1816,F,Yes
ALAINA,1805,F,Yes
ROWAN,1799,M,Yes
RAELYNN,1793,F,Yes
LEILANI,1789,F,Yes
CATHERINE,1785,F,Yes
EMERSON,1780,F,Yes
GAEL,1774,M,Yes
CECILIA,1771,F,Yes
CORBIN,1761,M,Yes
GENEVIEVE,1760,F,Yes
DAISY,1754,F,Yes
WAYLON,1753,M,Yes
HARMONY,1740,F,Yes
MYLES,1725,M,Yes
VANESSA,1720,F,Yes
ADRIANA,1719,F,Yes
PRESLEY,1711,F,Yes
REBECCA,1709,F,Yes
DESTINY,1706,F,Yes
TANNER,1703,M,Yes
JORGE,1699,M,Yes
JULIANNA,1698,F,Yes
MICHELLE,1692,F,Yes
JAVIER,1691,M,Yes
ZION,1674,M,Yes
ADELYN,1673,F,Yes
ARABELLA,1671,F,Yes
SUMMER,1671,F,Yes
ANDRES,1670,M,Yes
CALLIE,1669,F,Yes
CHARLIE,1662,M,Yes
PAXTON,1662,M,Yes
EMILIANO,1660,M,Yes
KAITLYN,1651,F,Yes
BROOKS,1650,M,Yes
ZANE,1650,M,Yes
RYLEIGH,1648,F,Yes
LILA,1639,F,Yes
DANIELA,1636,F,Yes
ARYA,1634,F,Yes
SIMON,1633,M,Yes
JUDAH,1622,M,Yes
ALANA,1611,F,Yes
ESTHER,1601,F,Yes
GRIFFIN,1601,M,Yes
FINLEY,1598,F,Yes
GABRIELLE,1591,F,Yes
CODY,1579,M,Yes
GUNNER,1578,M,Yes
JESSICA,1577,F,Yes
DAWSON,1575,M,Yes
ISRAEL,1563,M,Yes
STEPHANIE,1554,F,Yes
RYLAN,1545,M,Yes
TESSA,1545,F,Yes
MAKENZIE,1541,F,Yes
ANA,1534,F,Yes
AMAYA,1522,F,Yes
ALEXANDRIA,1521,F,Yes
GAGE,1518,M,Yes
ALIVIA,1515,F,Yes
NOVA,1511,F,Yes
MESSIAH,1509,M,Yes
RIVER,1499,M,Yes
KAMERON,1496,M,Yes
ANASTASIA,1493,F,Yes
IRIS,1492,F,Yes
MARLEY,1487,F,Yes
FIONA,1484,F,Yes
ANGELA,1480,F,Yes
GISELLE,1479,F,Yes
STEPHEN,1477,M,Yes
FRANCISCO,1476,M,Yes
KATE,1469,F,Yes
CLAYTON,1466,M,Yes
ZANDER,1452,M,Yes
ALAYNA,1449,F,Yes
CHANCE,1444,M,Yes
LOLA,1443,F,Yes
EDUARDO,1440,M,Yes
LUCIA,1440,F,Yes
JULIETTE,1439,F,Yes
TEAGAN,1430,F,Yes
SIENNA,1429,F,Yes
SPENCER,1427,M,Yes
LUKAS,1425,M,Yes
GEORGIA,1424,F,Yes
HOPE,1423,F,Yes
CALI,1421,F,Yes
VIVIENNE,1419,F,Yes
DAMIEN,1410,M,Yes
DALLAS,1405,M,Yes
IZABELLA,1403,F,Yes
KINLEY,1403,F,Yes
CONNER,1400,M,Yes
TRAVIS,1393,M,Yes
DALEYZA,1389,F,Yes
KNOX,1386,M,Yes
KYLEE,1386,F,Yes
JAYLA,1380,F,Yes
RAYMOND,1376,M,Yes
KATELYN,1374,F,Yes
DEVIN,1371,M,Yes
FELIX,1369,M,Yes
JAYCEON,1369,M,Yes
COLLIN,1365,M,Yes
AMARI,1362,M,Yes
ERICK,1360,M,Yes
CASH,1358,M,Yes
JULIET,1353,F,Yes
JAIDEN,1347,M,Yes
FERNANDO,1345,M,Yes
CRISTIAN,1343,M,Yes
JOSUE,1340,M,Yes
KEEGAN,1337,M,Yes
GARRETT,1336,M,Yes
RHETT,1335,M,Yes
RICARDO,1334,M,Yes
MARTIN,1332,M,Yes
REID,1331,M,Yes
SETH,1326,M,Yes
MAGGIE,1325,F,Yes
DAKOTA,1323,F,Yes
DELANEY,1322,F,Yes
BRYNLEE,1314,F,Yes
ANDRE,1310,M,Yes
KEIRA,1306,F,Yes
CAMILLE,1303,F,Yes
CESAR,1301,M,Yes
TITUS,1300,M,Yes
LEILA,1298,F,Yes
MCKENNA,1295,F,Yes
ANIYAH,1294,F,Yes
DONOVAN,1291,M,Yes
MANUEL,1289,M,Yes
MARIO,1285,M,Yes
CAIDEN,1284,M,Yes
ADRIEL,1282,M,Yes
KYLER,1282,M,Yes
NOELLE,1277,F,Yes
JOSIE,1276,F,Yes
JENNIFER,1275,F,Yes
MELISSA,1273,F,Yes
MILO,1271,M,Yes
ARCHER,1265,M,Yes
GABRIELA,1257,F,Yes
ALLIE,1255,F,Yes
ELOISE,1255,F,Yes
JEFFREY,1252,M,Yes
HOLDEN,1246,M,Yes
ARTHUR,1232,M,Yes
CASSIDY,1230,F,Yes
JACQUELINE,1222,F,Yes
BRYNN,1218,F,Yes
KARSON,1218,M,Yes
RAFAEL,1213,M,Yes
EVANGELINE,1212,F,Yes
PARIS,1208,F,Yes
SHANE,1205,M,Yes
LANE,1203,M,Yes
LOUIS,1201,M,Yes
ANGELO,1200,M,Yes
OLIVE,1197,F,Yes
AYLA,1196,F,Yes
REMINGTON,1195,M,Yes
TROY,1193,M,Yes
MAXIMILIANO,1188,M,Yes
HECTOR,1186,M,Yes
ROSALIE,1184,F,Yes
EMILIO,1182,M,Yes
KALI,1179,F,Yes
ANDERSON,1177,M,Yes
TREVOR,1176,M,Yes
MACI,1173,F,Yes
GEMMA,1166,F,Yes
LILLIANA,1165,F,Yes
RAEGAN,1162,F,Yes
LENA,1155,F,Yes
ADELAIDE,1152,F,Yes
PHOENIX,1152,M,Yes
WALTER,1148,M,Yes
JOHNATHAN,1145,M,Yes
JOURNEY,1145,F,Yes
JOHNNY,1140,M,Yes
ADELYNN,1137,F,Yes
EDWIN,1137,M,Yes
JULIUS,1137,M,Yes
ALESSANDRA,1136,F,Yes
BARRETT,1136,M,Yes
KENZIE,1136,F,Yes
MIRANDA,1131,F,Yes
LEON,1130,M,Yes
HALEY,1128,F,Yes
JUNE,1127,F,Yes
HARLEY,1123,F,Yes
CHARLEE,1121,F,Yes
TYSON,1119,M,Yes
LUCILLE,1112,F,Yes
TALIA,1112,F,Yes
SKYLER,1111,F,Yes
MAKENNA,1109,F,Yes
PHOEBE,1109,F,Yes
TOBIAS,1109,M,Yes
EDGAR,1107,M,Yes
JANE,1106,F,Yes
LYRIC,1103,F,Yes
DOMINICK,1098,M,Yes
ELAINA,1097,F,Yes
ADRIANNA,1094,F,Yes
RUTH,1092,F,Yes
MARSHALL,1090,M,Yes
MIRIAM,1089,F,Yes
DIANA,1081,F,Yes
MARIANA,1080,F,Yes
DANIELLE,1079,F,Yes
MARCO,1079,M,Yes
JENNA,1078,F,Yes
JOAQUIN,1073,M,Yes
SHELBY,1071,F,Yes
NINA,1070,F,Yes
DANTE,1066,M,Yes
ANDY,1062,M,Yes
MADELEINE,1062,F,Yes
ELLIANA,1061,F,Yes
CRUZ,1060,M,Yes
ALI,1059,M,Yes
AMINA,1057,F,Yes
AMIYAH,1055,F,Yes
CHELSEA,1053,F,Yes
JOANNA,1053,F,Yes
JADA,1049,F,Yes
LEXI,1047,F,Yes
DALTON,1043,M,Yes
KATIE,1043,F,Yes
GIDEON,1042,M,Yes
MADDISON,1042,F,Yes
REED,1042,M,Yes
FATIMA,1041,F,Yes
VERA,1041,F,Yes
ENZO,1039,M,Yes
SERGIO,1039,M,Yes
JETT,1038,M,Yes
THIAGO,1030,M,Yes
KYRIE,1027,M,Yes
RONAN,1024,M,Yes
MALIA,1023,F,Yes
LILAH,1022,F,Yes
MADILYN,1021,F,Yes
COHEN,1014,M,Yes
AMANDA,1013,F,Yes
DANIELLA,1013,F,Yes
COLT,1012,M,Yes
ERIK,1012,M,Yes
ALEXIA,1010,F,Yes
KATHRYN,1009,F,Yes
PAISLEE,1008,F,Yes
SELENA,1008,F,Yes
TRENTON,1005,M,Yes
JARED,1004,M,Yes
LAURA,1003,F,Yes
WALKER,1003,M,Yes
ANNIE,1001,F,Yes
LANDEN,1001,M,Yes
NYLA,1000,F,Yes
CATALINA,999,F,Yes
KAYLEIGH,996,F,Yes
SLOANE,996,F,Yes
KAMILA,992,F,Yes
NASH,989,M,Yes
JAYLEN,988,M,Yes
LIA,987,F,Yes
HAVEN,985,F,Yes
ASHLYN,975,F,Yes
GREGORY,975,M,Yes
EMANUEL,974,M,Yes
CHRISTINA,972,F,Yes
AMBER,969,F,Yes
KILLIAN,968,M,Yes
MYLA,967,F,Yes
ADDILYN,966,F,Yes
ERIN,966,F,Yes
ALLEN,964,M,Yes
ALISON,963,F,Yes
AINSLEY,961,F,Yes
RAELYN,960,F,Yes
ATTICUS,958,M,Yes
CADENCE,955,F,Yes
DESMOND,955,M,Yes
KENDRA,955,F,Yes
SHAWN,955,M,Yes
HEIDI,952,F,Yes
GRADY,950,M,Yes
KELSEY,948,F,Yes
NADIA,945,F,Yes
ALONDRA,944,F,Yes
CHEYENNE,943,F,Yes
KAYDENCE,943,F,Yes
MIKAYLA,941,F,Yes
FRANK,937,M,Yes
FABIAN,936,M,Yes
HEAVEN,934,F,Yes
ARIELLE,924,F,Yes
ROBERTO,923,M,Yes
LANA,920,F,Yes
BLAKELY,917,F,Yes
SABRINA,915,F,Yes
BECKHAM,914,M,Yes
KYLA,914,F,Yes
ADA,913,F,Yes
GRACELYN,913,F,Yes
MAJOR,906,M,Yes
ALLYSON,903,F,Yes
FELICITY,903,F,Yes
KIRA,903,F,Yes
BRIELLA,902,F,Yes
KAMRYN,902,F,Yes
ADALINE,901,F,Yes
ALICIA,901,F,Yes
NEHEMIAH,899,M,Yes
EMBER,892,F,Yes
AYLIN,891,F,Yes
DREW,885,M,Yes
VERONICA,884,F,Yes
CADE,883,M,Yes
MUHAMMAD,880,M,Yes
ESMERALDA,879,F,Yes
SAGE,878,F,Yes
LESLIE,876,F,Yes
ASPEN,873,F,Yes
GIA,871,F,Yes
KENDRICK,870,M,Yes
CAMILLA,868,F,Yes
PEDRO,868,M,Yes
ASHLYNN,866,F,Yes
SCARLET,866,F,Yes
ORION,865,M,Yes
ADEN,864,M,Yes
KAMDEN,861,M,Yes
JOURNEE,860,F,Yes
RUBEN,860,M,Yes
ZAIDEN,860,M,Yes
CLARK,858,M,Yes
DAPHNE,858,F,Yes
NOEL,858,M,Yes
BIANCA,856,F,Yes
MCKINLEY,856,F,Yes
PORTER,855,M,Yes
AMIRA,853,F,Yes
SOLOMON,853,M,Yes
ROMEO,851,M,Yes
RORY,851,M,Yes
CARMEN,849,F,Yes
KYLEIGH,849,F,Yes
MALIK,849,M,Yes
DAXTON,847,M,Yes
MEGAN,847,F,Yes
LELAND,845,M,Yes
SKYE,845,F,Yes
ELSIE,843,F,Yes
KENNEDI,840,F,Yes
AVERIE,839,F,Yes
CARLY,839,F,Yes
RYLIE,839,F,Yes
KASH,836,M,Yes
ABRAM,831,M,Yes
GRACELYNN,831,F,Yes
MALLORY,831,F,Yes
DERRICK,827,M,Yes
EMERSYN,827,F,Yes
CAMRYN,822,F,Yes
KADE,822,M,Yes
GUNNAR,821,M,Yes
PRINCE,818,M,Yes
ANNABELLA,816,F,Yes
BRENDAN,816,M,Yes
LEONEL,815,M,Yes
KASON,812,M,Yes
ELLE,811,F,Yes
KIARA,811,F,Yes
BRAYLON,810,M,Yes
YARETZI,808,F,Yes
ARIELLA,807,F,Yes
LEGEND,807,M,Yes
ZARA,804,F,Yes
PABLO,799,M,Yes
APRIL,797,F,Yes
JAY,794,M,Yes
GWENDOLYN,789,F,Yes
ANAYA,786,F,Yes
ADAN,783,M,Yes
BAYLEE,783,F,Yes
BRINLEY,783,F,Yes
JENSEN,783,M,Yes
SIERRA,778,F,Yes
ANNALISE,777,F,Yes
TATUM,775,F,Yes
ESTEBAN,774,M,Yes
SERENA,774,F,Yes
DAHLIA,773,F,Yes
KELLAN,772,M,Yes
DRAKE,771,M,Yes
MACY,771,F,Yes
WARREN,770,M,Yes
MIRACLE,769,F,Yes
ISMAEL,767,M,Yes
MADELYNN,763,F,Yes
ARI,762,M,Yes
BRIANA,762,F,Yes
FREYA,761,F,Yes
RUSSELL,761,M,Yes
BRUCE,760,M,Yes
MACIE,760,F,Yes
FINNEGAN,759,M,Yes
MARCOS,759,M,Yes
JAYSON,758,M,Yes
THEO,758,M,Yes
HELEN,757,F,Yes
BETHANY,756,F,Yes
JAXTON,755,M,Yes
LEIA,755,F,Yes
PHILLIP,755,M,Yes
HARLOW,754,F,Yes
DEXTER,753,M,Yes
BRAYLEN,750,M,Yes
ARMANDO,749,M,Yes
JAYLEEN,748,F,Yes
BRADEN,747,M,Yes
ANGELICA,746,F,Yes
COREY,746,M,Yes
MARILYN,745,F,Yes
KOLTON,744,M,Yes
GERARDO,742,M,Yes
VIVIANA,742,F,Yes
FRANCESCA,740,F,Yes
ACE,734,M,Yes
ELLIS,732,M,Yes
JUNIPER,732,F,Yes
MALCOLM,732,M,Yes
TATE,731,M,Yes
CAROLINA,729,F,Yes
JAZMIN,728,F,Yes
EMELY,727,F,Yes
ZACHARIAH,727,M,Yes
MALIYAH,726,F,Yes
CHANDLER,725,M,Yes
CATALEYA,723,F,Yes
MILAN,723,M,Yes
KEITH,722,M,Yes
JILLIAN,720,F,Yes
JOY,720,F,Yes
ABBY,719,F,Yes
MALAYSIA,719,F,Yes
NYLAH,719,F,Yes
SARAI,718,F,Yes
DANNY,714,M,Yes
EVELYNN,714,F,Yes
NIA,713,F,Yes
DAMON,711,M,Yes
ENRIQUE,709,M,Yes
JONAS,709,M,Yes
ZURI,709,F,Yes
ADDYSON,708,F,Yes
KANE,708,M,Yes
ALEAH,706,F,Yes
PRINCETON,706,M,Yes
HUGO,704,M,Yes
KAIA,702,F,Yes
RONALD,702,M,Yes
BRISTOL,701,F,Yes
PHILIP,701,M,Yes
LORELEI,700,F,Yes
JAZMINE,698,F,Yes
MAEVE,698,F,Yes
IBRAHIM,697,M,Yes
ALEJANDRA,696,F,Yes
JUSTICE,696,F,Yes
KAYSON,696,M,Yes
MAXIMILIAN,695,M,Yes
LAWSON,694,M,Yes
HARVEY,693,M,Yes
JULIE,691,F,Yes
MARLEE,691,F,Yes
ALBERT,690,M,Yes
DONALD,690,M,Yes
JIMENA,690,F,Yes
EMMALYN,688,F,Yes
NAYELI,688,F,Yes
RAUL,687,M,Yes
ALEENA,686,F,Yes
BRITTANY,686,F,Yes
FRANKLIN,686,M,Yes
HENDRIX,686,M,Yes
ODIN,685,M,Yes
AMARA,684,F,Yes
KARINA,684,F,Yes
GIULIANA,683,F,Yes
THEA,683,F,Yes
BRENNAN,681,M,Yes
JAMISON,680,M,Yes
BRAELYNN,679,F,Yes
KASSIDY,679,F,Yes
BRAELYN,678,F,Yes
LUCIANA,677,F,Yes
AUBRIE,676,F,Yes
DILLON,676,M,Yes
JANELLE,676,F,Yes
MADISYN,675,F,Yes
BROCK,674,M,Yes
BRYLEE,674,F,Yes
LEIGHTON,674,F,Yes
EVE,673,F,Yes
LANDYN,672,M,Yes
MILLIE,672,F,Yes
MOHAMED,671,M,Yes
KELLY,670,F,Yes
SELAH,670,F,Yes
LACEY,668,F,Yes
WILLA,668,F,Yes
BRYCEN,666,M,Yes
DEACON,664,M,Yes
HAYLEE,664,F,Yes
COLBY,662,M,Yes
JAYLAH,662,F,Yes
ALEC,661,M,Yes
JULIO,661,M,Yes
SCOTT,661,M,Yes
MATIAS,660,M,Yes
SULLIVAN,660,M,Yes
SYLVIA,658,F,Yes
MELANY,655,F,Yes
RODRIGO,655,M,Yes
CASON,653,M,Yes
ELISA,653,F,Yes
ELSA,653,F,Yes
HATTIE,652,F,Yes
RAVEN,651,F,Yes
ROCCO,651,M,Yes
HOLLY,650,F,Yes
AISHA,649,F,Yes
NICO,649,M,Yes
ITZEL,648,F,Yes
KYRA,647,F,Yes
TIFFANY,647,F,Yes
ROYAL,646,M,Yes
PIERCE,645,M,Yes
AUGUSTUS,643,M,Yes
JAYDA,641,F,Yes
MICHAELA,639,F,Yes
MADILYNN,638,F,Yes
JAMIE,636,F,Yes
CELESTE,633,F,Yes
RAIDEN,631,M,Yes
LILIAN,630,F,Yes
REMI,630,F,Yes
KASEN,629,M,Yes
BENSON,628,M,Yes
MOSES,628,M,Yes
CYRUS,627,M,Yes
PRISCILLA,627,F,Yes
RAYLAN,627,M,Yes
JAZLYN,625,F,Yes
KAREN,624,F,Yes
SAVANNA,624,F,Yes
DAVIS,623,M,Yes
KHALIL,622,M,Yes
MOISES,622,M,Yes
CONOR,621,M,Yes
NIKOLAI,621,M,Yes
ZARIAH,621,F,Yes
ALIJAH,620,M,Yes
LAURYN,620,F,Yes
MATHEW,619,M,Yes
KEATON,618,M,Yes
ALANNA,615,F,Yes
KARA,615,F,Yes
FRANCIS,614,M,Yes
KARLA,610,F,Yes
QUENTIN,610,M,Yes
TY,609,M,Yes
CASSANDRA,608,F,Yes
ARIAH,606,F,Yes
EVIE,606,F,Yes
FRANCES,606,F,Yes
JAIME,605,M,Yes
AILEEN,604,F,Yes
LENNON,604,F,Yes
CHARLEY,603,F,Yes
ROSEMARY,602,F,Yes
DANNA,601,F,Yes
REGINA,601,F,Yes
RONIN,601,M,Yes
KIAN,599,M,Yes
KAELYN,597,F,Yes
LENNOX,597,M,Yes
MALAKAI,596,M,Yes
VIRGINIA,596,F,Yes
ATLAS,595,M,Yes
HANNA,595,F,Yes
JERRY,594,M,Yes
REBEKAH,594,F,Yes
ALANI,593,F,Yes
EDITH,593,F,Yes
LIANA,591,F,Yes
RYLAND,591,M,Yes
CHARLEIGH,590,F,Yes
GLORIA,590,F,Yes
AHMED,588,M,Yes
SAUL,588,M,Yes
STERLING,586,M,Yes
COLETTE,584,F,Yes
DENNIS,584,M,Yes
KAILEY,584,F,Yes
LAWRENCE,580,M,Yes
HELENA,579,F,Yes
MATILDA,579,F,Yes
ZAYNE,579,M,Yes
BODHI,578,M,Yes
IMANI,578,F,Yes
BRIDGET,576,F,Yes
CYNTHIA,576,F,Yes
JANIYAH,576,F,Yes
MARISSA,575,F,Yes
ARJUN,574,M,Yes
DARIUS,574,M,Yes
JOHANNA,573,F,Yes
ARLO,572,M,Yes
SASHA,572,F,Yes
TONY,571,M,Yes
DUSTIN,570,M,Yes
KALIYAH,570,F,Yes
CECELIA,568,F,Yes
KELLEN,568,M,Yes
ADELINA,567,F,Yes
JESSA,566,F,Yes
HAYLEY,565,F,Yes
CHRIS,562,M,Yes
JULISSA,562,F,Yes
WINTER,562,F,Yes
MOHAMMED,560,M,Yes
NASIR,560,M,Yes
OMARI,560,M,Yes
CRYSTAL,559,F,Yes
KAYLIE,559,F,Yes
BAILEE,558,F,Yes
KIERAN,558,M,Yes
NIXON,558,M,Yes
RHYS,558,M,Yes
CHARLI,557,F,Yes
HENLEY,557,F,Yes
ANYA,556,F,Yes
ARMANI,556,M,Yes
ARTURO,556,M,Yes
MAIA,556,F,Yes
SKYLA,556,F,Yes
BOWEN,555,M,Yes
FREDERICK,555,M,Yes
LIBERTY,555,F,Yes
CALLEN,552,M,Yes
LEONIDAS,552,M,Yes
REMY,552,M,Yes
FERNANDA,551,F,Yes
WADE,551,M,Yes
MONICA,550,F,Yes
BRAYLEE,549,F,Yes
LUKA,545,M,Yes
MARIAM,545,F,Yes
JAKOB,544,M,Yes
MARIE,544,F,Yes
WINSTON,544,M,Yes
ALONZO,540,M,Yes
BEATRICE,540,F,Yes
CURTIS,540,M,Yes
HALLIE,540,F,Yes
AARAV,539,M,Yes
GUSTAVO,539,M,Yes
MARYAM,539,F,Yes
ANGELIQUE,538,F,Yes
ANNE,538,F,Yes
MADALYN,537,F,Yes
ALAYAH,536,F,Yes
ANNIKA,536,F,Yes
GRETA,531,F,Yes
ROYCE,531,M,Yes
ASA,530,M,Yes
GANNON,530,M,Yes
KYSON,530,M,Yes
HANK,529,M,Yes
LILYANA,529,F,Yes
IZAIAH,527,M,Yes
ROY,527,M,Yes
KADENCE,526,F,Yes
RAPHAEL,526,M,Yes
LUCIANO,525,M,Yes
CORALINE,524,F,Yes
HAYES,524,M,Yes
LAINEY,524,F,Yes
MABEL,524,F,Yes
CASE,523,M,Yes
DARREN,523,M,Yes
LILLIE,523,F,Yes
MOHAMMAD,523,M,Yes
OTTO,521,M,Yes
ANIKA,520,F,Yes
LAYTON,520,M,Yes
AZALEA,519,F,Yes
ISAIAS,519,M,Yes
ALBERTO,518,M,Yes
DAYANA,518,F,Yes
JAMARI,518,M,Yes
COLTEN,516,M,Yes
DAX,516,M,Yes
MARVIN,516,M,Yes
CASEY,515,M,Yes
JALIYAH,515,F,Yes
MOSHE,515,M,Yes
ADDISYN,514,F,Yes
JOHAN,514,M,Yes
SAM,514,M,Yes
MATTHIAS,513,M,Yes
EMILEE,511,F,Yes
MIRA,511,F,Yes
LARRY,510,M,Yes
TREY,510,M,Yes
ANGIE,509,F,Yes
DEVON,508,M,Yes
LILITH,508,F,Yes
MAE,508,F,Yes
TRENT,508,M,Yes
MEREDITH,507,F,Yes
MAURICIO,506,M,Yes
GUADALUPE,505,F,Yes
EMELIA,503,F,Yes
MARGOT,503,F,Yes
MATHIAS,503,M,Yes
ISSAC,501,M,Yes
MELINA,501,F,Yes
DORIAN,500,M,Yes
ANIYA,498,F,Yes
GIANNI,497,M,Yes
ALENA,495,F,Yes
AHMAD,494,M,Yes
MYRA,493,F,Yes
NIKOLAS,493,M,Yes
OAKLEY,493,M,Yes
ELIANNA,492,F,Yes
CAITLYN,491,F,Yes
URIEL,491,M,Yes
JAELYNN,490,F,Yes
LEWIS,490,M,Yes
RANDY,489,M,Yes
CULLEN,488,M,Yes
BRAYDON,487,M,Yes
EZEQUIEL,487,M,Yes
JAELYN,486,F,Yes
REECE,486,M,Yes
JIMMY,484,M,Yes
DEMI,483,F,Yes
CROSBY,482,M,Yes
MIKAELA,481,F,Yes
TIANA,481,F,Yes
BLAIR,480,F,Yes
SHILOH,479,F,Yes
SOREN,479,M,Yes
ARIYAH,478,F,Yes
SAYLOR,478,F,Yes
URIAH,478,M,Yes
ROGER,477,M,Yes
NATHANAEL,475,M,Yes
CAITLIN,473,F,Yes
EMMITT,473,M,Yes
GARY,473,M,Yes
RAYAN,473,M,Yes
RICKY,472,M,Yes
LINDSEY,471,F,Yes
MITCHELL,471,M,Yes
ALIA,470,F,Yes
EVERLEIGH,469,F,Yes
ROLAND,469,M,Yes
ALFREDO,468,M,Yes
CANNON,468,M,Yes
JALEN,468,M,Yes
IVANNA,467,F,Yes
MIAH,467,F,Yes
EMMY,466,F,Yes
JESSIE,466,F,Yes
KOBE,465,M,Yes
YUSUF,465,M,Yes
ANAHI,464,F,Yes
KAYLIN,464,F,Yes
ANSLEY,463,F,Yes
QUINTON,462,M,Yes
ANNABEL,460,F,Yes
KORBIN,460,M,Yes
KORA,459,F,Yes
BRAYAN,458,M,Yes
MAISIE,458,F,Yes
JOE,457,M,Yes
BYRON,455,M,Yes
NATHALIE,455,F,Yes
QUINCY,453,M,Yes
CARL,452,M,Yes
EMORY,452,F,Yes
KARSYN,451,F,Yes
KRISTOPHER,451,M,Yes
PEARL,451,F,Yes
ALVIN,450,M,Yes
DUKE,450,M,Yes
IRENE,450,F,Yes
LANCE,450,M,Yes
KIMBER,449,F,Yes
ROSA,448,F,Yes
LYLAH,447,F,Yes
MAGNOLIA,447,F,Yes
JASIAH,446,M,Yes
SAMARA,446,F,Yes
BOSTON,445,M,Yes
RENATA,445,F,Yes
GALILEA,444,F,Yes
KENSLEY,444,F,Yes
KIERA,444,F,Yes
SANTINO,444,M,Yes
WHITNEY,444,F,Yes
AMELIE,443,F,Yes
SIENA,443,F,Yes
BRIA,441,F,Yes
LANEY,441,F,Yes
PERLA,441,F,Yes
DEANDRE,439,M,Yes
TATIANA,439,F,Yes
ZELDA,439,F,Yes
JAYCEE,438,F,Yes
KORI,438,F,Yes
MONTSERRAT,438,F,Yes
LORELAI,437,F,Yes
MADDEN,437,M,Yes
TALON,437,M,Yes
ADELE,436,F,Yes
ELYSE,436,F,Yes
KATELYNN,436,F,Yes
KYNLEE,436,F,Yes
SYLAS,436,M,Yes
MARINA,434,F,Yes
ORLANDO,434,M,Yes
KAILYN,433,F,Yes
HAMZA,432,M,Yes
AVAH,431,F,Yes
BO,431,M,Yes
KENLEY,431,F,Yes
ALDO,430,M,Yes
DOUGLAS,430,M,Yes
TRISTEN,430,M,Yes
WILSON,430,M,Yes
AVIANA,429,F,Yes
MAURICE,429,M,Yes
DULCE,428,F,Yes
SAMSON,428,M,Yes
ALAIA,427,F,Yes
CAYSON,427,M,Yes
TERESA,426,F,Yes
BRYANT,425,M,Yes
CONRAD,425,M,Yes
NATASHA,425,F,Yes
MILANI,424,F,Yes
AMIRAH,423,F,Yes
BREANNA,423,F,Yes
DANE,423,M,Yes
JULIEN,423,M,Yes
LINDA,423,F,Yes
SINCERE,423,M,Yes
TENLEY,423,F,Yes
NOE,422,M,Yes
SUTTON,422,F,Yes
ELAINE,421,F,Yes
SALVADOR,421,M,Yes
ALIZA,420,F,Yes
NELSON,420,M,Yes
KENNA,419,F,Yes
MEADOW,419,F,Yes
ALYSON,418,F,Yes
EDISON,418,M,Yes
RAMON,418,M,Yes
LUCIAN,417,M,Yes
MEKHI,417,M,Yes
NIKO,417,M,Yes
AYAAN,416,M,Yes
MILANA,416,F,Yes
ERICA,415,F,Yes
ESME,414,F,Yes
LEONA,414,F,Yes
VIHAAN,414,M,Yes
JOSELYN,413,F,Yes
NEIL,413,M,Yes
MADALYNN,412,F,Yes
TITAN,412,M,Yes
ALMA,411,F,Yes
CHANEL,411,F,Yes
MYAH,411,F,Yes
ERNESTO,410,M,Yes
ZAHRA,410,F,Yes
AUDRINA,409,F,Yes
ARIYA,408,F,Yes
JEMMA,408,F,Yes
BRENTLEY,407,M,Yes
EILEEN,407,F,Yes
KALLIE,406,F,Yes
EMMALYNN,405,F,Yes
LIONEL,405,M,Yes
ZAYN,405,M,Yes
LAILAH,404,F,Yes
SLOAN,404,F,Yes
CLARISSA,403,F,Yes
DOMINIK,403,M,Yes
KARLEE,403,F,Yes
LAYLAH,403,F,Yes
AMIYA,402,F,Yes
COLLINS,402,F,Yes
CASSIUS,401,M,Yes
ELLEN,401,F,Yes
ROWEN,401,M,Yes
HADASSAH,400,F,Yes
BLAINE,399,M,Yes
DANICA,399,F,Yes
JAYLENE,399,F,Yes
AVERI,398,F,Yes
KELVIN,398,M,Yes
REYNA,398,F,Yes
SAIGE,397,F,Yes
WREN,397,F,Yes
LEXIE,396,F,Yes
DOROTHY,395,F,Yes
JAXEN,395,M,Yes
LILIANNA,395,F,Yes
MEMPHIS,395,M,Yes
LEONARD,393,M,Yes
MONROE,393,F,Yes
ABDULLAH,392,M,Yes
ARYANNA,392,F,Yes
ELISABETH,392,F,Yes
IVORY,392,F,Yes
JACOBY,392,M,Yes
LIV,391,F,Yes
ALLAN,390,M,Yes
JANESSA,390,F,Yes
JAYLYNN,390,F,Yes
LIVIA,390,F,Yes
RAYNA,390,F,Yes
JAGGER,389,M,Yes
YAHIR,389,M,Yes
ALAYA,387,F,Yes
FORREST,387,M,Yes
GUILLERMO,387,M,Yes
MACK,387,M,Yes
MALAYA,387,F,Yes
ZECHARIAH,387,M,Yes
CARA,385,F,Yes
ERIKA,385,F,Yes
TERRY,385,M,Yes
AMANI,384,F,Yes
CLARE,384,F,Yes
KYLAN,384,M,Yes
ADDILYNN,383,F,Yes
FLETCHER,383,M,Yes
ROHAN,383,M,Yes
ROSELYN,383,F,Yes
CORINNE,382,F,Yes
PAOLA,382,F,Yes
EDDIE,381,M,Yes
JOLENE,381,F,Yes
ANABELLE,380,F,Yes
BRONSON,380,M,Yes
ALIANA,379,F,Yes
LEA,379,F,Yes
MARA,379,F,Yes
JEFFERSON,378,M,Yes
RAYDEN,377,M,Yes
CLAUDIA,376,F,Yes
KRISTINA,376,F,Yes
TERRANCE,376,M,Yes
JAYLEE,375,F,Yes
KAYLYNN,375,F,Yes
MARC,375,M,Yes
VALENTINO,375,M,Yes
ZARIYAH,375,F,Yes
DEMETRIUS,374,M,Yes
GWEN,374,F,Yes
KINSLEE,374,F,Yes
AVIANNA,373,F,Yes
KRISTIAN,373,M,Yes
LISA,373,F,Yes
RAQUEL,373,F,Yes
JOLIE,372,F,Yes
CAROLYN,371,F,Yes
COURTNEY,371,F,Yes
HEZEKIAH,371,M,Yes
LEE,371,M,Yes
PENNY,371,F,Yes
ALANNAH,370,F,Yes
CIARA,370,F,Yes
ALESSANDRO,369,M,Yes
CHAYA,369,F,Yes
KASSANDRA,369,F,Yes
MAKAI,369,M,Yes
MILENA,369,F,Yes
REX,369,M,Yes
CALLUM,368,M,Yes
MINA,368,F,Yes
NOA,368,F,Yes
LEANNA,367,F,Yes
ZOIE,367,F,Yes
ARIADNE,366,F,Yes
KAMARI,366,M,Yes
MONSERRAT,366,F,Yes
NOLA,366,F,Yes
CARLEE,365,F,Yes
ISABELA,365,F,Yes
JAZLYNN,365,F,Yes
KAIRI,365,F,Yes
LAUREL,365,F,Yes
SKY,365,F,Yes
CASEN,364,M,Yes
ROSIE,364,F,Yes
TRIPP,364,M,Yes
CALLAN,363,M,Yes
STANLEY,363,M,Yes
TOBY,363,M,Yes
ELIAN,362,M,Yes
ARELY,361,F,Yes
AUBRIELLE,361,F,Yes
KENIA,361,F,Yes
LANGSTON,361,M,Yes
MELVIN,361,M,Yes
NOEMI,361,F,Yes
SCARLETTE,361,F,Yes
FARRAH,360,F,Yes
FLYNN,360,M,Yes
JAMIR,360,M,Yes
KYREE,360,M,Yes
LEYLA,360,F,Yes
ARYAN,359,M,Yes
AMIA,358,F,Yes
AXTON,358,M,Yes
AZARIAH,358,M,Yes
BRANSON,358,M,Yes
BRYANNA,358,F,Yes
NAYA,357,F,Yes
WYNTER,357,F,Yes
ADONIS,356,M,Yes
KATALINA,356,F,Yes
TALIYAH,355,F,Yes
THADDEUS,355,M,Yes
AMARIS,354,F,Yes
EMERIE,354,F,Yes
MARTHA,354,F,Yes
THALIA,354,F,Yes
ZEKE,354,M,Yes
CHRISTINE,352,F,Yes
ESTRELLA,352,F,Yes
BRENNA,351,F,Yes
MILANIA,351,F,Yes
SALMA,351,F,Yes
TOMMY,351,M,Yes
BLAZE,350,M,Yes
CARMELO,350,M,Yes
LILLIANNA,350,F,Yes
MARJORIE,350,F,Yes
SHAYLA,349,F,Yes
ZENDAYA,349,F,Yes
AURELIA,348,F,Yes
BRENDA,348,F,Yes
JULIETA,348,F,Yes
ARIAN,347,M,Yes
BRUNO,347,M,Yes
ADILYNN,346,F,Yes
DEBORAH,346,F,Yes
KAYSEN,346,M,Yes
KEYLA,346,F,Yes
LAYNE,346,M,Yes
PATRICIA,346,F,Yes
RAY,346,M,Yes
EMMELINE,345,F,Yes
HADLEE,345,F,Yes
ZAIN,345,M,Yes
GIOVANNA,344,F,Yes
KAILEE,344,F,Yes
CREW,342,M,Yes
DESIREE,342,F,Yes
JEDIDIAH,342,M,Yes
RODNEY,342,M,Yes
CLAY,341,M,Yes
KARLIE,341,F,Yes
KHALEESI,341,F,Yes
LARA,341,F,Yes
TOMAS,341,M,Yes
TORI,341,F,Yes
ALDEN,340,M,Yes
CLEMENTINE,340,F,Yes
NANCY,340,F,Yes
SIMONE,340,F,Yes
AYLEEN,339,F,Yes
ESTELLE,339,F,Yes
JADIEL,339,M,Yes
CELINE,338,F,Yes
MADYSON,338,F,Yes
ZANIYAH,338,F,Yes
ADLEY,337,F,Yes
AMALIA,337,F,Yes
ARES,337,M,Yes
PAITYN,337,F,Yes
CORY,336,M,Yes
KATHLEEN,336,F,Yes
SANDRA,336,F,Yes
LIZBETH,335,F,Yes
BRECKEN,334,M,Yes
CHAIM,334,M,Yes
MALEAH,334,F,Yes
NICKOLAS,334,M,Yes
ARYANA,333,F,Yes
HAILEE,333,F,Yes
KAREEM,333,M,Yes
XZAVIER,333,M,Yes
AIYANA,332,F,Yes
JOYCE,332,F,Yes
KAISON,332,M,Yes
RYANN,332,F,Yes
ALONSO,331,M,Yes
AMOS,331,M,Yes
CAYLEE,331,F,Yes
KALANI,331,F,Yes
MARISOL,331,F,Yes
NATHALY,331,F,Yes
VICENTE,331,M,Yes
BRIAR,330,F,Yes
SAMIR,330,M,Yes
YOSEF,330,M,Yes
HOLLAND,329,F,Yes
JAMAL,328,M,Yes
JON,328,M,Yes
LINDSAY,328,F,Yes
ADRIENNE,327,F,Yes
HARLEE,326,F,Yes
BOBBY,325,M,Yes
DANA,325,F,Yes
FRIDA,325,F,Yes
MARIANNA,325,F,Yes
YAMILETH,325,F,Yes
ARON,324,M,Yes
BEN,324,M,Yes
CHANA,324,F,Yes
FORD,324,M,Yes
KAYA,324,F,Yes
LINA,324,F,Yes
BRODIE,323,M,Yes
CAIN,323,M,Yes
CELIA,323,F,Yes
ANALIA,322,F,Yes
FINNLEY,322,M,Yes
HANA,322,F,Yes
BRIGGS,321,M,Yes
DAVION,321,M,Yes
JAYDE,321,F,Yes
JOSLYN,321,F,Yes
KINGSLEY,321,M,Yes
ROMINA,321,F,Yes
ANABELLA,320,F,Yes
BARBARA,320,F,Yes
BRETT,320,M,Yes
BRYLEIGH,319,F,Yes
EMILIE,319,F,Yes
NATHALIA,319,F,Yes
WAYNE,319,M,Yes
ZACKARY,319,M,Yes
ALLY,318,F,Yes
APOLLO,318,M,Yes
EVALYN,318,F,Yes
JOZIAH,318,M,Yes
LUCCA,318,M,Yes
BONNIE,317,F,Yes
ZARIA,317,F,Yes
BENTLEE,316,M,Yes
CARLA,316,F,Yes
ESTELLA,316,F,Yes
HASSAN,316,M,Yes
KAILANI,316,F,Yes
RIVKA,316,F,Yes
WESTIN,316,M,Yes
JOEY,314,M,Yes
PAULINA,314,F,Yes
VANCE,314,M,Yes
MARCELO,313,M,Yes
AXL,312,M,Yes
GIANA,312,F,Yes
JERMAINE,312,M,Yes
YARELI,312,F,Yes
CHAD,311,M,Yes
GERALD,310,M,Yes
KAIYA,310,F,Yes
KOLE,310,M,Yes
SARIAH,310,F,Yes
AVALYNN,309,F,Yes
DASH,309,M,Yes
DAYTON,309,M,Yes
JASMIN,309,F,Yes
AYA,308,F,Yes
JEWEL,308,F,Yes
KRISTEN,308,F,Yes
PAULA,308,F,Yes
ASTRID,307,F,Yes
JORDYNN,307,F,Yes
KENYA,307,F,Yes
LACHLAN,307,M,Yes
SHAUN,307,M,Yes
ANN,306,F,Yes
ANNALEE,306,F,Yes
KODY,306,M,Yes
RONNIE,306,M,Yes
KILEY,305,F,Yes
KOLTEN,305,M,Yes
MARCEL,305,M,Yes
MARLEIGH,305,F,Yes
STETSON,305,M,Yes
JULIANNE,304,F,Yes
EMMALINE,303,F,Yes
NATALY,303,F,Yes
WILLIE,303,M,Yes
AMINAH,302,F,Yes
AMYA,302,F,Yes
ILIANA,302,F,Yes
JAIDA,302,F,Yes
JEFFERY,302,M,Yes
PALOMA,302,F,Yes
ASIA,301,F,Yes
BRANTLEE,301,M,Yes
LOUISA,301,F,Yes
SARAHI,301,F,Yes
TARA,301,F,Yes
ANDI,300,F,Yes
ARDEN,300,F,Yes
DALARY,300,F,Yes
ELISHA,300,M,Yes
MAXIM,300,M,Yes
AIMEE,299,F,Yes
ALISSON,299,F,Yes
HALLE,299,F,Yes
AITANA,298,F,Yes
HARRY,298,M,Yes
LEANDRO,298,M,Yes
LANDRY,297,F,Yes
ALISHA,296,F,Yes
CHANNING,296,M,Yes
ELIN,296,F,Yes
KOHEN,296,M,Yes
MALIAH,296,F,Yes
YOUSEF,296,M,Yes
AADEN,296,M,Yes
BELEN,295,F,Yes
BRILEY,295,F,Yes
DARIAN,295,M,Yes
ENOCH,294,M,Yes
MAYSON,294,M,Yes
NEYMAR,294,M,Yes
RAINA,294,F,Yes
VIENNA,294,F,Yes
ESPERANZA,293,F,Yes
GIOVANI,293,M,Yes
ALFONSO,292,M,Yes
DUNCAN,292,M,Yes
JUDITH,292,F,Yes
ANDERS,291,M,Yes
BRAEDEN,291,M,Yes
DWAYNE,291,M,Yes
FAYE,291,F,Yes
KEAGAN,291,M,Yes
FELIPE,290,M,Yes
SUSAN,290,F,Yes
ALIYA,289,F,Yes
ARANZA,289,F,Yes
FISHER,289,M,Yes
STEFAN,289,M,Yes
YASMIN,289,F,Yes
JAYLIN,288,F,Yes
KYNDALL,288,F,Yes
SANIYAH,288,F,Yes
WENDY,288,F,Yes
YARITZA,288,F,Yes
AZARIA,287,F,Yes
KAELYNN,287,F,Yes
NERIAH,287,F,Yes
TRACE,287,M,Yes
ZAINAB,287,F,Yes
ALISSA,286,F,Yes
AYDIN,286,M,Yes
CHERISH,286,F,Yes
DIXIE,286,F,Yes
VEDA,286,F,Yes
ANSON,285,M,Yes
NALA,285,F,Yes
TABITHA,285,F,Yes
CLYDE,284,M,Yes
CORDELIA,284,F,Yes
ELLISON,284,F,Yes
MEILANI,284,F,Yes
ANGELINE,283,F,Yes
BLAISE,283,M,Yes
CANAAN,283,M,Yes
MAXTON,283,M,Yes
REINA,283,F,Yes
TEGAN,283,F,Yes
HADLEIGH,282,F,Yes
HARMONI,282,F,Yes
KIMORA,282,F,Yes
ALEXZANDER,281,M,Yes
BILLY,281,M,Yes
HAROLD,281,M,Yes
INGRID,281,F,Yes
LILIA,281,F,Yes
LUZ,281,F,Yes
AISLINN,280,F,Yes
AMERICA,280,F,Yes
BAYLOR,280,M,Yes
ELORA,280,F,Yes
HEATHER,280,F,Yes
NATALEE,280,F,Yes
MIYA,279,F,Yes
HEAVENLY,278,F,Yes
JENNY,278,F,Yes
AUBRIELLA,277,F,Yes
EMMALEE,277,F,Yes
GORDON,277,M,Yes
KENSINGTON,277,F,Yes
KIANA,277,F,Yes
LILYANNA,277,F,Yes
TINLEY,277,F,Yes
OPHELIA,276,F,Yes
RENE,276,M,Yes
TERRENCE,276,M,Yes
VINCENZO,276,M,Yes
KAMDYN,275,M,Yes
MARLON,275,M,Yes
MORIAH,275,F,Yes
SHARON,275,F,Yes
CASTIEL,274,M,Yes
CHARLIZE,274,F,Yes
LAMAR,274,M,Yes
ABRIL,273,F,Yes
AUGUSTINE,273,M,Yes
AVALYN,273,F,Yes
MARIYAH,273,F,Yes
TAYA,273,F,Yes
EUGENE,272,M,Yes
IRELAND,272,F,Yes
LYRA,272,F,Yes
NOOR,272,F,Yes
SARIYAH,272,F,Yes
GIAVANNA,271,F,Yes
HARLAN,271,M,Yes
KASE,271,M,Yes
MILLER,271,M,Yes
STEVIE,271,F,Yes
VAN,271,M,Yes
KOLBY,270,M,Yes
RHEA,270,F,Yes
SONNY,270,M,Yes
ZAYLEE,270,F,Yes
DENISE,269,F,Yes
FRANKIE,269,F,Yes
JANIYA,269,F,Yes
JOCELYNN,269,F,Yes
JUNIOR,269,M,Yes
LIBBY,269,F,Yes
AUBRIANNA,268,F,Yes
GRAYSEN,268,M,Yes
HEATH,268,M,Yes
KAITLYNN,268,F,Yes
ROGELIO,268,M,Yes
WILL,268,M,Yes
AMARE,267,M,Yes
AMEER,267,M,Yes
CAMDYN,267,M,Yes
JEROME,267,M,Yes
MAISON,267,M,Yes
PRINCESS,267,F,Yes
SIDNEY,267,F,Yes
ALIANNA,266,F,Yes
MICHEAL,266,M,Yes
MOLLIE,266,F,Yes
AADHYA,265,F,Yes
CRISTIANO,265,M,Yes
GIANCARLO,265,M,Yes
HENRIK,265,M,Yes
JANAE,265,F,Yes
LOCHLAN,265,M,Yes
MATTIE,265,F,Yes
TINSLEY,265,F,Yes
ALIAH,264,F,Yes
AUBRI,264,F,Yes
KAIDENCE,264,F,Yes
BODE,263,M,Yes
CAMRON,263,M,Yes
DANIKA,263,F,Yes
HOUSTON,263,M,Yes
JANA,263,F,Yes
MAVIS,263,F,Yes
OTIS,263,M,Yes
HUGH,262,M,Yes
KANNON,262,M,Yes
KONNOR,262,M,Yes
MERCY,262,F,Yes
ANTONIA,261,F,Yes
EMMET,261,M,Yes
INDIA,261,F,Yes
MAXIMO,261,M,Yes
MILEY,261,F,Yes
RAYLEE,261,F,Yes
ADRIEN,260,M,Yes
ANTONELLA,260,F,Yes
CEDRIC,260,M,Yes
DARIEL,260,M,Yes
MAGNUS,260,M,Yes
REGAN,260,F,Yes
ROBIN,260,F,Yes
ABRIELLE,259,F,Yes
AKIRA,259,F,Yes
AYVA,259,F,Yes
CAMBRIA,259,F,Yes
DANI,259,F,Yes
DEVYN,259,F,Yes
DRAVEN,259,M,Yes
JAVON,259,M,Yes
MCKAYLA,259,F,Yes
RAYNE,259,F,Yes
ZAVIER,259,M,Yes
ALYVIA,258,F,Yes
DIAMOND,258,F,Yes
MARKUS,258,M,Yes
ABBIGAIL,257,F,Yes
DIYA,257,F,Yes
POPPY,257,F,Yes
JUSTUS,256,M,Yes
ANAIS,255,F,Yes
ANNISTON,255,F,Yes
DALIA,255,F,Yes
REYANSH,255,M,Yes
RUDY,255,M,Yes
SANTANA,255,M,Yes
ALISA,254,F,Yes
AYANA,254,F,Yes
ELLERY,254,F,Yes
MISAEL,254,M,Yes
ABDIEL,253,M,Yes
ADDALYN,253,F,Yes
CHARLESTON,253,F,Yes
DAVIAN,253,M,Yes
ZAIRE,253,M,Yes
AMORA,252,F,Yes
ELLIANNA,252,F,Yes
JORDY,252,M,Yes
REGINALD,252,M,Yes
SAMIYAH,252,F,Yes
BENTON,251,M,Yes
DARWIN,251,M,Yes
FRANCO,251,M,Yes
JAIRO,251,M,Yes
JONATHON,251,M,Yes
MYLAH,251,F,Yes
REUBEN,251,M,Yes
URIJAH,251,M,Yes
VIVAAN,251,M,Yes
AMAYAH,250,F,Yes
BRENT,250,M,Yes
CARLIE,250,F,Yes
GAUGE,250,M,Yes
ROBYN,250,F,Yes
ALAYSIA,249,F,Yes
HARLEIGH,249,F,Yes
KALEIGH,249,F,Yes
TEMPERANCE,249,F,Yes
VAUGHN,249,M,Yes
BELLE,248,F,Yes
CINDY,248,F,Yes
COLEMAN,248,M,Yes
ELINA,248,F,Yes
KAYLANI,248,F,Yes
MADDIE,248,F,Yes
SHANNON,248,F,Yes
ZAID,248,M,Yes
ARACELI,247,F,Yes
AUDRIANA,247,F,Yes
TARYN,247,F,Yes
TERRELL,247,M,Yes
KENNY,246,M,Yes
MACEY,246,F,Yes
BRICE,245,M,Yes
LONDYNN,245,F,Yes
TAMIA,245,F,Yes
BAYLEIGH,244,F,Yes
CARINA,244,F,Yes
EVALYNN,244,F,Yes
PROMISE,244,F,Yes
AYANNA,243,F,Yes
JUDSON,243,M,Yes
SONIA,243,F,Yes
AUSTYN,242,F,Yes
DAMARI,242,M,Yes
EMMIE,242,F,Yes
ETTA,242,F,Yes
KALEL,242,M,Yes
RAMONA,242,F,Yes
JOELLE,241,F,Yes
PAISLEIGH,241,F,Yes
TREASURE,241,F,Yes
AANYA,240,F,Yes
BERKLEY,240,F,Yes
BRAIDEN,240,M,Yes
BRENDEN,240,M,Yes
COEN,240,M,Yes
DENVER,240,M,Yes
EVERLEE,240,F,Yes
JAVION,240,M,Yes
LOUISE,240,F,Yes
THATCHER,240,M,Yes
VADA,240,F,Yes
VIVIEN,240,F,Yes
RENEE,239,F,Yes
REY,239,M,Yes
DILAN,238,M,Yes
MEGHAN,238,F,Yes
PYPER,238,F,Yes
DIMITRI,237,M,Yes
IMMANUEL,237,M,Yes
MUSTAFA,237,M,Yes
PATIENCE,237,F,Yes
ULISES,237,M,Yes
ALVARO,236,M,Yes
DOMINIQUE,236,M,Yes
ELISEO,236,M,Yes
GWYNETH,236,F,Yes
KASEY,236,F,Yes
MERCEDES,236,F,Yes
AILYN,235,F,Yes
ANAKIN,235,M,Yes
CARLEIGH,235,F,Yes
CRAIG,235,M,Yes
KARLEIGH,235,F,Yes
DARIO,234,M,Yes
NEVEAH,234,F,Yes
RILYNN,234,F,Yes
SAANVI,234,F,Yes
SAILOR,234,F,Yes
SANTOS,234,M,Yes
CRISTINA,233,F,Yes
GREY,233,M,Yes
HONESTY,233,F,Yes
ISHAAN,233,M,Yes
MAGDALENA,233,F,Yes
MARIAN,233,F,Yes
MAYLEE,233,F,Yes
CARLEY,232,F,Yes
JONAEL,232,M,Yes
SCOUT,232,F,Yes
ALFRED,231,M,Yes
MAXINE,231,F,Yes
REIGN,231,F,Yes
TYRONE,231,M,Yes
VALENTIN,231,M,Yes
JADON,230,M,Yes
KOURTNEY,230,F,Yes
LESLY,230,F,Yes
TARAJI,230,F,Yes
TURNER,230,M,Yes
IGNACIO,229,M,Yes
MAREN,229,F,Yes
OPAL,229,F,Yes
RIAAN,229,M,Yes
ROCKY,229,M,Yes
EPHRAIM,228,M,Yes
JURNEE,228,F,Yes
KEILY,228,F,Yes
MARQUIS,228,M,Yes
RIYA,228,F,Yes
JUBILEE,227,F,Yes
KYLAH,227,F,Yes
MUSA,227,M,Yes
TESS,227,F,Yes
KEENAN,226,M,Yes
RIDGE,226,M,Yes
ROSALEE,226,F,Yes
ADDIE,225,F,Yes
ADELA,225,F,Yes
CHACE,225,M,Yes
FALLON,225,F,Yes
ITZAYANA,225,F,Yes
KYMANI,225,M,Yes
NATALYA,225,F,Yes
RODOLFO,225,M,Yes
ADALEE,224,F,Yes
CAMPBELL,224,F,Yes
DARRELL,224,M,Yes
KRYSTAL,224,F,Yes
LUISA,224,F,Yes
MAKENA,224,F,Yes
SAMIRA,224,F,Yes
STEVE,224,M,Yes
AGUSTIN,223,M,Yes
JAZIEL,223,M,Yes
MICAELA,222,F,Yes
ROSALYN,222,F,Yes
ADILENE,221,F,Yes
JENESIS,221,F,Yes
KAILYNN,221,F,Yes
KELSIE,221,F,Yes
SALLY,221,F,Yes
SELINA,221,F,Yes
SHERLYN,221,F,Yes
WHITLEY,221,F,Yes
BOONE,220,M,Yes
BREE,220,F,Yes
CAIRO,220,M,Yes
KASHTON,220,M,Yes
MAISY,220,F,Yes
MARLOWE,220,F,Yes
RASHAD,220,M,Yes
VIOLETA,220,F,Yes
XIOMARA,220,F,Yes
AUBRIANA,219,F,Yes
GIBSON,219,M,Yes
JABARI,219,M,Yes
ADDALYNN,218,F,Yes
AVI,218,M,Yes
CALLIOPE,218,F,Yes
KATALEYA,218,F,Yes
QUINTIN,218,M,Yes
ROYALTY,218,F,Yes
SEAMUS,218,M,Yes
IZABELLE,217,F,Yes
KAMILAH,217,F,Yes
ROLANDO,217,M,Yes
ADILYN,216,F,Yes
ALEIGHA,216,F,Yes
CAMILO,216,M,Yes
GRACYN,216,F,Yes
KATERINA,216,F,Yes
LARISSA,216,F,Yes
LORETTA,216,F,Yes
SUNNY,216,F,Yes
TRISTON,216,M,Yes
YEHUDA,216,M,Yes
AUDRIANNA,215,F,Yes
BLAIRE,215,F,Yes
BRYNLEIGH,215,F,Yes
CRISTOPHER,215,M,Yes
DAVIN,215,M,Yes
ELODIE,215,F,Yes
ERNEST,215,M,Yes
JAMARION,215,M,Yes
KAMREN,215,M,Yes
KATRINA,215,F,Yes
NOVALEE,215,F,Yes
SALVATORE,215,M,Yes
ADDELYN,214,F,Yes
ANTON,214,M,Yes
AYDAN,214,M,Yes
DALILAH,214,F,Yes
DAVINA,214,F,Yes
FLORENCE,214,F,Yes
HUXLEY,214,M,Yes
JOVANI,214,M,Yes
KALEAH,214,F,Yes
MARLENE,214,F,Yes
SELENE,214,F,Yes
WILDER,214,M,Yes
ALESSIA,213,F,Yes
BODIE,213,M,Yes
BRYN,213,F,Yes
DELLA,213,F,Yes
KARMA,213,F,Yes
LOUIE,213,M,Yes
ABBIE,212,F,Yes
ACHILLES,212,M,Yes
CECILY,212,F,Yes
KAEDEN,212,M,Yes
KAMRON,212,M,Yes
SYLVIE,212,F,Yes
AARUSH,211,M,Yes
DEANGELO,211,M,Yes
ILA,211,F,Yes
KAMILLE,211,F,Yes
MILAH,211,F,Yes
TIA,211,F,Yes
WINNIE,211,F,Yes
YADIEL,211,M,Yes
YAHYA,211,M,Yes
ANNELISE,209,F,Yes
BEATRIX,209,F,Yes
BODEN,209,M,Yes
EAN,209,M,Yes
EMANI,209,F,Yes
KYE,209,M,Yes
KYLEN,209,M,Yes
LILLYANNA,209,F,Yes
THERESA,209,F,Yes
TODD,209,M,Yes
TRUMAN,209,M,Yes
CHEVY,208,M,Yes
GILBERT,208,M,Yes
HAIDEN,208,M,Yes
KALIA,208,F,Yes
KAYLEN,208,F,Yes
LILLYANA,208,F,Yes
MALAYAH,208,F,Yes
BRIXTON,207,M,Yes
DANGELO,207,M,Yes
DEANNA,207,F,Yes
JACQUELYN,207,F,Yes
JUELZ,207,M,Yes
KINLEE,207,F,Yes
MARITZA,207,F,Yes
MARLIE,207,F,Yes
OSVALDO,207,M,Yes
AILANI,206,F,Yes
AMIAH,206,F,Yes
BISHOP,206,M,Yes
FREDDY,206,M,Yes
ALORA,205,F,Yes
MALAKI,205,M,Yes
STACY,205,F,Yes
VALERY,205,F,Yes
CAMREN,204,M,Yes
DESHAWN,204,M,Yes
JAYVION,204,M,Yes
KINZLEY,204,F,Yes
LEELA,204,F,Yes
LEROY,204,M,Yes
LIANNA,204,F,Yes
GIADA,203,F,Yes
JAYDON,203,M,Yes
RAYA,203,F,Yes
SERAPHINA,203,F,Yes
VIOLETTE,203,F,Yes
ANTOINE,202,M,Yes
AYAN,202,M,Yes
BRYNLEY,202,F,Yes
CHARITY,202,F,Yes
GENEVA,202,F,Yes
HARRIS,202,M,Yes
TYREE,202,M,Yes
BEXLEY,201,F,Yes
CAYDENCE,201,F,Yes
ELAYNA,201,F,Yes
HARLEM,201,M,Yes
PRESLEE,201,F,Yes
SIMEON,201,M,Yes
TRISTIAN,201,M,Yes
ELIA,200,F,Yes
HALEIGH,200,F,Yes
TAJ,200,M,Yes
ANNABETH,199,F,Yes
ASHTYN,199,F,Yes
BRYSEN,199,M,Yes
CLINTON,199,M,Yes
CORAL,199,F,Yes
DEON,199,M,Yes
KOOPER,199,M,Yes
SEMAJ,199,M,Yes
SORAYA,199,F,Yes
YARA,199,F,Yes
DESTINEE,198,F,Yes
JAIR,198,M,Yes
JERICHO,198,M,Yes
KALEY,198,F,Yes
RAYYAN,198,M,Yes
SANAA,198,F,Yes
YAAKOV,198,M,Yes
ABNER,197,M,Yes
BRIDGER,197,M,Yes
DANIA,197,F,Yes
EGYPT,197,F,Yes
JANICE,197,F,Yes
KEANU,197,M,Yes
KOEN,197,M,Yes
MIKA,197,F,Yes
RAMIRO,197,M,Yes
ANAYAH,196,F,Yes
DELIA,196,F,Yes
ELIEZER,196,M,Yes
IRA,196,M,Yes
ISAI,196,M,Yes
KHALID,196,M,Yes
MALANI,196,F,Yes
VIVIANNA,196,F,Yes
YISROEL,196,M,Yes
ANNELIESE,195,F,Yes
BRAYLIN,195,M,Yes
DANILO,195,M,Yes
FOSTER,195,M,Yes
MARYJANE,195,F,Yes
NAHLA,195,F,Yes
NELLIE,195,F,Yes
RAYLYNN,195,F,Yes
ALISTAIR,194,M,Yes
ALIYANA,194,F,Yes
EISLEY,194,F,Yes
ESTEFANIA,194,F,Yes
JOVIE,194,F,Yes
KARISSA,194,F,Yes
LEILAH,194,F,Yes
MIKE,194,M,Yes
MIYAH,194,F,Yes
EMERALD,193,F,Yes
FOX,193,M,Yes
KARIS,193,F,Yes
KAYCEE,193,F,Yes
LEENA,193,F,Yes
MAKHI,193,M,Yes
RANDALL,193,M,Yes
WESTLEY,193,M,Yes
BRISA,192,F,Yes
CALEIGH,192,F,Yes
HOWARD,192,M,Yes
KENDAL,192,F,Yes
KODA,192,M,Yes
ZAMIR,192,M,Yes
BELINDA,191,F,Yes
CASSIE,191,F,Yes
CORTEZ,191,M,Yes
DARRYL,191,M,Yes
GARRISON,191,M,Yes
LORENA,191,F,Yes
SHMUEL,191,M,Yes
AIYANNA,190,F,Yes
AUDRA,190,F,Yes
BRITNEY,190,F,Yes
JAMAR,190,M,Yes
KAMIYAH,190,F,Yes
KAYLYN,190,F,Yes
KRISH,190,M,Yes
MERRICK,190,M,Yes
SUSANNA,190,F,Yes
ZYAIRE,190,M,Yes
AGNES,189,F,Yes
CHRISTIANA,189,F,Yes
GILBERTO,189,M,Yes
JOVANNI,189,M,Yes
MAYRA,189,F,Yes
MCCOY,189,M,Yes
SHEA,189,F,Yes
TIANNA,189,F,Yes
BRAYSON,188,M,Yes
DERICK,188,M,Yes
MADDUX,188,M,Yes
MARGO,188,F,Yes
NALANI,188,F,Yes
NYA,188,F,Yes
RITA,188,F,Yes
VIOLA,188,F,Yes
DARIEN,187,M,Yes
EFRAIN,187,M,Yes
GATLIN,187,M,Yes
LANIYAH,187,F,Yes
NYOMI,187,F,Yes
TADEO,187,M,Yes
VIDA,187,F,Yes
AHMIR,186,M,Yes
BETTY,186,F,Yes
DENZEL,186,M,Yes
GINO,186,M,Yes
JAYCOB,186,M,Yes
LEIF,186,M,Yes
MILAGROS,186,F,Yes
SKYLYNN,186,F,Yes
BRANDEN,185,M,Yes
HAYLIE,185,F,Yes
KARLI,185,F,Yes
MEERA,185,F,Yes
OCTAVIO,185,M,Yes
RODERICK,185,M,Yes
RYLYNN,185,F,Yes
WESSON,185,M,Yes
YOUSSEF,185,M,Yes
ZAYD,185,M,Yes
ISABELL,184,F,Yes
AIDA,183,F,Yes
BELLAMY,183,F,Yes
BLESSING,183,F,Yes
GISSELLE,183,F,Yes
IMRAN,183,M,Yes
IVANA,183,F,Yes
KARMEN,183,F,Yes
KINLEIGH,183,F,Yes
KONNER,183,M,Yes
LYLE,183,M,Yes
TRISTIN,183,M,Yes
KARSEN,182,M,Yes
RACHAEL,182,F,Yes
RALPH,182,M,Yes
RYLEN,182,M,Yes
ALARIC,181,M,Yes
DECKER,181,M,Yes
DEMARCUS,181,M,Yes
KENDYL,181,F,Yes
MALAK,181,F,Yes
SHIRLEY,181,F,Yes
AARYA,180,F,Yes
CLARENCE,180,M,Yes
ELVIS,180,M,Yes
IRIE,180,F,Yes
KARL,180,M,Yes
KENTON,180,M,Yes
MAITE,180,F,Yes
ROSLYN,180,F,Yes
ULYSSES,180,M,Yes
YESENIA,180,F,Yes
AAYDEN,179,M,Yes
ASHA,179,F,Yes
GERARD,179,M,Yes
HARRIET,179,F,Yes
HAYLEIGH,179,F,Yes
KACEY,179,F,Yes
KARIM,179,M,Yes
REBECA,179,F,Yes
SAMIYA,179,F,Yes
ASTON,178,M,Yes
CLOVER,178,F,Yes
GREYSEN,178,M,Yes
KARLEY,178,F,Yes
LILYANN,178,F,Yes
ROXANNE,178,F,Yes
YAEL,178,M,Yes
ANNALEIGH,177,F,Yes
ANNALIESE,177,F,Yes
DALE,177,M,Yes
JAXX,177,M,Yes
KAYLEEN,177,F,Yes
KHADIJA,177,F,Yes
LINNEA,177,F,Yes
MALKA,177,F,Yes
TAMARA,177,F,Yes
TONI,177,F,Yes
ANNETTE,176,F,Yes
BRINLEE,176,F,Yes
GUINEVERE,176,F,Yes
HOLLIS,176,M,Yes
ISIAH,176,M,Yes
LUELLA,176,F,Yes
MAC,176,M,Yes
PALMER,176,F,Yes
RIHANNA,176,F,Yes
RUBI,176,F,Yes
SANIYA,176,F,Yes
SARINA,176,F,Yes
YASEEN,176,M,Yes
AIDYN,175,M,Yes
CAILYN,175,F,Yes
COLBIE,175,F,Yes
CORMAC,175,M,Yes
EMALYN,175,F,Yes
EVELINA,175,F,Yes
KAITLIN,175,F,Yes
KALE,175,M,Yes
KARLY,175,F,Yes
KATARINA,175,F,Yes
PERSEPHONE,175,F,Yes
VAYDA,175,F,Yes
EASON,174,M,Yes
JALEAH,174,F,Yes
JAZMYN,174,F,Yes
KYNDAL,174,F,Yes
LEILANY,174,F,Yes
PETRA,174,F,Yes
ANANYA,173,F,Yes
ARAYA,173,F,Yes
AUDREE,173,F,Yes
BRAYLEIGH,173,F,Yes
CELINA,173,F,Yes
DASHIELL,173,M,Yes
ELIOT,173,M,Yes
FLORA,173,F,Yes
JAXXON,173,M,Yes
JESIAH,173,M,Yes
MAYAH,173,F,Yes
NIGEL,173,M,Yes
OCTAVIA,173,F,Yes
SHEPHERD,173,M,Yes
ZOYA,173,F,Yes
ARANTZA,172,F,Yes
EDMUND,172,M,Yes
FARAH,172,F,Yes
JAKAYLA,172,F,Yes
KINSEY,172,F,Yes
CAPRI,171,F,Yes
DEEGAN,171,M,Yes
EMILIANA,171,F,Yes
GAVYN,171,M,Yes
REYNALDO,171,M,Yes
SHANAYA,171,F,Yes
SHAY,171,F,Yes
SOFIE,171,F,Yes
TYRELL,171,M,Yes
YAZMIN,171,F,Yes
ARLENE,170,F,Yes
BRENDON,170,M,Yes
COLSON,170,M,Yes
CORBYN,170,M,Yes
GRECIA,170,F,Yes
IZAYAH,170,M,Yes
JACEY,170,F,Yes
KORBYN,170,M,Yes
MARCELLA,170,F,Yes
MELINDA,170,F,Yes
PRIYA,170,F,Yes
SKYLAH,170,F,Yes
ZAYLA,170,F,Yes
BRENTON,169,M,Yes
CALISTA,169,F,Yes
GIOVANNY,169,M,Yes
ISADORA,169,F,Yes
JOAN,169,M,Yes
KEILA,169,F,Yes
MENACHEM,169,M,Yes
PIERRE,169,M,Yes
SHAYLEE,169,F,Yes
SHLOMO,169,M,Yes
ARELI,168,F,Yes
JAD,168,M,Yes
JAZELLE,168,F,Yes
JEREMIAS,168,M,Yes
JOHNATHON,168,M,Yes
SAMI,168,M,Yes
SILVIA,168,F,Yes
CARSYN,167,F,Yes
DAMARION,167,M,Yes
DARCY,167,F,Yes
ELISSA,167,F,Yes
GONZALO,167,M,Yes
JANIE,167,F,Yes
JAZZLYN,167,F,Yes
KALVIN,167,M,Yes
KIERSTEN,167,F,Yes
MORDECHAI,167,M,Yes
SHREYA,167,F,Yes
VLADIMIR,167,M,Yes
AEDAN,166,M,Yes
EMI,166,F,Yes
NYAH,166,F,Yes
PAMELA,166,F,Yes
TESLA,166,F,Yes
ANDIE,165,F,Yes
DAYANNA,165,F,Yes
DELANIE,165,F,Yes
JARRETT,165,M,Yes
JAYLON,165,M,Yes
KENLEIGH,165,F,Yes
LIAN,165,M,Yes
STEPHAN,165,M,Yes
ANABEL,164,F,Yes
CARSEN,164,M,Yes
CRISTOBAL,164,M,Yes
FINNIAN,164,M,Yes
GLENN,164,M,Yes
IZZABELLA,164,F,Yes
LATHAN,164,M,Yes
LENNY,164,M,Yes
MAXX,164,M,Yes
YARETZY,164,F,Yes
ABBEY,163,F,Yes
CARISSA,163,F,Yes
CORBAN,163,M,Yes
DEKLAN,163,M,Yes
ELINOR,163,F,Yes
GUS,163,M,Yes
KABIR,163,M,Yes
KEZIAH,163,F,Yes
LEGACY,163,F,Yes
MARIANO,163,M,Yes
SONYA,163,F,Yes
ZAHARA,163,F,Yes
ALANAH,162,F,Yes
CHEYANNE,162,F,Yes
DAVON,162,M,Yes
HADDIE,162,F,Yes
JAYLYN,162,F,Yes
JOVAN,162,M,Yes
LEIGHA,162,F,Yes
MARIBEL,162,F,Yes
NADINE,162,F,Yes
SALEM,162,F,Yes
YULIANA,162,F,Yes
AMAIA,161,F,Yes
DAMARIS,161,F,Yes
KOA,161,M,Yes
LINUS,161,M,Yes
LITZY,161,F,Yes
LUCIEN,161,M,Yes
TRYSTAN,161,M,Yes
AZUL,160,F,Yes
DARYL,160,M,Yes
GRETCHEN,160,F,Yes
JOURNI,160,F,Yes
MARIELLA,160,F,Yes
RONALDO,160,M,Yes
YAIR,160,M,Yes
AADYA,159,F,Yes
ANNABELL,159,F,Yes
DARIANA,159,F,Yes
DONNA,159,F,Yes
EMME,159,F,Yes
HAKEEM,159,M,Yes
IDA,159,F,Yes
JUDY,159,F,Yes
LAYAN,159,F,Yes
SYED,159,M,Yes
TIAGO,159,M,Yes
ADITYA,158,M,Yes
AISLYNN,158,F,Yes
BRODERICK,158,M,Yes
DARLENE,158,F,Yes
HAILIE,158,F,Yes
JACLYN,158,F,Yes
JAYSE,158,M,Yes
KYA,158,F,Yes
LUCIE,158,F,Yes
NAILAH,158,F,Yes
NAYLA,158,F,Yes
SAOIRSE,158,F,Yes
SHIMON,158,M,Yes
SHYLA,158,F,Yes
ZEV,158,M,Yes
ALBA,157,F,Yes
AMAR,157,M,Yes
ANSEL,157,M,Yes
ARIELA,157,F,Yes
DHRUV,157,M,Yes
DIOR,157,F,Yes
ISMAIL,157,M,Yes
JAKOBE,157,M,Yes
JORDI,157,M,Yes
KELLER,157,M,Yes
LEDGER,157,M,Yes
MAKSIM,157,M,Yes
OAKLEE,157,F,Yes
ROSS,157,M,Yes
TALLULAH,157,F,Yes
YASMINE,157,F,Yes
DINA,156,F,Yes
ESSENCE,156,F,Yes
JAMIYAH,156,F,Yes
KENT,156,M,Yes
LACY,156,F,Yes
RAYLEIGH,156,F,Yes
ROWYN,156,F,Yes
SLADE,156,M,Yes
THORIN,156,M,Yes
TINA,156,F,Yes
WINIFRED,156,F,Yes
ADOLFO,155,M,Yes
BROGAN,155,M,Yes
ELEANORA,155,F,Yes
EMA,155,F,Yes
EVANGELINA,155,F,Yes
MARCELLO,155,M,Yes
MARIN,155,F,Yes
MIKAEL,155,M,Yes
STEPHANY,155,F,Yes
ASHANTI,154,F,Yes
DONTE,154,M,Yes
ELLY,154,F,Yes
EMMERSON,154,F,Yes
GERMAN,154,M,Yes
JEAN,154,M,Yes
JORDEN,154,M,Yes
KAIDYN,154,M,Yes
KYREN,154,M,Yes
LETICIA,154,F,Yes
LIDIA,154,F,Yes
NARIAH,154,F,Yes
RALEIGH,154,F,Yes
SANAI,154,F,Yes
SMITH,154,M,Yes
STONE,154,M,Yes
TANIA,154,F,Yes
ZELLA,154,F,Yes
AALEYAH,153,F,Yes
ADLER,153,M,Yes
ANALISE,153,F,Yes
ANISTON,153,F,Yes
ARIES,153,M,Yes
CARMELLA,153,F,Yes
CIAN,153,M,Yes
GUY,153,M,Yes
JANET,153,F,Yes
KENLEE,153,F,Yes
KYNLEIGH,153,F,Yes
LYNDON,153,M,Yes
MAURA,153,F,Yes
NAIMA,153,F,Yes
WALLACE,153,M,Yes
ZAHIR,153,M,Yes
BERNADETTE,152,F,Yes
CHASITY,152,F,Yes
CORNELIUS,152,M,Yes
KYNSLEE,152,F,Yes
MILTON,152,M,Yes
NICK,152,M,Yes
NIKKO,152,M,Yes
RAHEEM,152,M,Yes
ARACELY,151,F,Yes
AYESHA,151,F,Yes
BENEDICT,151,M,Yes
BEVERLY,151,F,Yes
BILAL,151,M,Yes
BLYTHE,151,F,Yes
KENZI,151,F,Yes
KYRON,151,M,Yes
MIREYA,151,F,Yes
NEAL,151,M,Yes
ADALIE,150,F,Yes
AVALON,150,F,Yes
CARMINE,150,M,Yes
DAMION,150,M,Yes
JAEL,150,F,Yes
KYAN,150,M,Yes
LAKYN,150,F,Yes
SURI,150,F,Yes
VIAAN,150,M,Yes
YOSELIN,150,F,Yes
ZACK,150,M,Yes
ABBYGAIL,149,F,Yes
BERNARD,149,M,Yes
DARNELL,149,M,Yes
FREDRICK,149,M,Yes
GIAN,149,M,Yes
HARLIE,149,F,Yes
JIONNI,149,M,Yes
KALEA,149,F,Yes
PEPPER,149,F,Yes
YANELI,149,F,Yes
AYAH,148,F,Yes
DENISSE,148,F,Yes
ELMER,148,M,Yes
MIKEL,148,M,Yes
MURPHY,148,M,Yes
QUEEN,148,F,Yes
VIVIANNE,148,F,Yes
AARNA,147,F,Yes
BECK,147,M,Yes
BRIGHTON,147,M,Yes
EMERI,147,F,Yes
ISHMAEL,147,M,Yes
JET,147,M,Yes
YVETTE,147,F,Yes
ZYON,147,M,Yes
ALTON,146,M,Yes
ANITA,146,F,Yes
CARLI,146,F,Yes
ELANA,146,F,Yes
EMIR,146,M,Yes
EVER,146,M,Yes
GWENYTH,146,F,Yes
JOSIAS,146,M,Yes
KAMIYA,146,F,Yes
LELA,146,F,Yes
MARION,146,F,Yes
NORMAN,146,M,Yes
YITZCHOK,146,M,Yes
AMYRA,145,F,Yes
ANJALI,145,F,Yes
ARCHIE,145,M,Yes
ARMAAN,145,M,Yes
BRIDGETTE,145,F,Yes
CAEL,145,M,Yes
CHARLENE,145,F,Yes
CLIFFORD,145,M,Yes
EUNICE,145,F,Yes
HUMBERTO,145,M,Yes
INDIE,145,F,Yes
JAI,145,M,Yes
JERSEY,145,F,Yes
KALLEN,145,M,Yes
MARCELLUS,145,M,Yes
MASEN,145,M,Yes
ROSALIND,145,F,Yes
ALEKSANDER,144,M,Yes
KRUZ,144,M,Yes
MAIYA,144,F,Yes
MALINA,144,F,Yes
MEIR,144,M,Yes
NOBLE,144,M,Yes
SAPPHIRE,144,F,Yes
TAYDEN,144,M,Yes
VIKTOR,144,M,Yes
AAMIR,143,M,Yes
AAYAN,143,M,Yes
ANDREAS,143,M,Yes
ARIANNY,143,F,Yes
AYVAH,143,F,Yes
BASTIAN,143,M,Yes
CAL,143,M,Yes
CARLO,143,M,Yes
KAMILLA,143,F,Yes
KORRA,143,F,Yes
SALMAN,143,M,Yes
CONSTANCE,142,F,Yes
DESTIN,142,M,Yes
EDER,142,M,Yes
ELAM,142,M,Yes
ESTEFANY,142,F,Yes
IYANNA,142,F,Yes
KATY,142,F,Yes
MIKHAIL,142,M,Yes
WES,142,M,Yes
AMARION,141,M,Yes
BRENNEN,141,M,Yes
CARVER,141,M,Yes
COLTER,141,M,Yes
GRAY,141,M,Yes
IMOGEN,141,F,Yes
JAILYN,141,F,Yes
KAMORA,141,F,Yes
KEILANI,141,F,Yes
NIKOLA,141,M,Yes
PRISHA,141,F,Yes
ROSALINA,141,F,Yes
TALIAH,141,F,Yes
VINCE,141,M,Yes
AILA,140,F,Yes
ALANIS,140,F,Yes
BENTLY,140,M,Yes
CALE,140,M,Yes
DIESEL,140,M,Yes
EAMON,140,M,Yes
KACIE,140,F,Yes
KAILA,140,F,Yes
KAISER,140,M,Yes
LUCINDA,140,F,Yes
MARIELA,140,F,Yes
SHYANNE,140,F,Yes
ZIVA,140,F,Yes
ABRIELLA,139,F,Yes
AMILIA,139,F,Yes
BARRY,139,M,Yes
CALLA,139,F,Yes
DION,139,M,Yes
GISELE,139,F,Yes
JAQUELINE,139,F,Yes
PEIGHTON,139,F,Yes
PERRY,139,M,Yes
QUINTEN,139,M,Yes
SYMPHONY,139,F,Yes
ZAIRA,139,F,Yes
CAIUS,138,M,Yes
COSETTE,138,F,Yes
EWAN,138,M,Yes
FREYJA,138,F,Yes
IDRIS,138,M,Yes
KACI,138,F,Yes
KIERRA,138,F,Yes
LACIE,138,F,Yes
LIZETH,138,F,Yes
ROSALIA,138,F,Yes
RUGER,138,M,Yes
ABDULRAHMAN,137,M,Yes
CLAIRA,137,F,Yes
COY,137,M,Yes
DAYLEN,137,M,Yes
GRAEME,137,M,Yes
JOHANN,137,M,Yes
KINSLEIGH,137,F,Yes
PRESLEIGH,137,F,Yes
SHELDON,137,M,Yes
TAHJ,137,M,Yes
TORIN,137,M,Yes
UNIQUE,137,F,Yes
CAMBREE,136,F,Yes
HARMONIE,136,F,Yes
HILLARY,136,F,Yes
LEV,136,M,Yes
LUCIUS,136,M,Yes
MARQUISE,136,M,Yes
ZORA,136,F,Yes
AMMAR,135,M,Yes
HUSSEIN,135,M,Yes
JISELLE,135,F,Yes
JOHNPAUL,135,M,Yes
KEON,135,M,Yes
MADDIX,135,M,Yes
MAKIYAH,135,F,Yes
NOELIA,135,F,Yes
TAELYN,135,F,Yes
TZVI,135,M,Yes
AVANI,134,F,Yes
BEAR,134,M,Yes
ELENI,134,F,Yes
EMRY,134,F,Yes
GAIGE,134,M,Yes
HEIDY,134,F,Yes
JAKARI,134,M,Yes
NORI,134,F,Yes
PIERSON,134,M,Yes
RISHI,134,M,Yes
ROSALYNN,134,F,Yes
SERAFINA,134,F,Yes
ZANIYA,134,F,Yes
ZAYLEN,134,M,Yes
ADINA,133,F,Yes
AKSHARA,133,F,Yes
ALEK,133,M,Yes
ATREYU,133,M,Yes
AVEN,133,M,Yes
AVRAHAM,133,M,Yes
CHEVELLE,133,F,Yes
JACOBI,133,M,Yes
JARVIS,133,M,Yes
JENSON,133,M,Yes
KAROLINE,133,F,Yes
LAKEN,133,F,Yes
LILLYANN,133,F,Yes
LINK,133,M,Yes
LORI,133,F,Yes
NIKKI,133,F,Yes
ROSEMARIE,133,F,Yes
WILEY,133,M,Yes
ZAYNAB,133,F,Yes
ANDER,132,M,Yes
ANNAMARIE,132,F,Yes
ASPYN,132,F,Yes
BARON,132,M,Yes
BENICIO,132,M,Yes
BOAZ,132,M,Yes
DALILA,132,F,Yes
EVERLEY,132,F,Yes
FOREST,132,M,Yes
HARTLEY,132,F,Yes
JACEON,132,M,Yes
JAHMIR,132,M,Yes
KEELAN,132,M,Yes
KILIAN,132,M,Yes
LEELAND,132,M,Yes
MALAKHI,132,M,Yes
PRANAV,132,M,Yes
ROWDY,132,M,Yes
RUTHIE,132,F,Yes
WILHELMINA,132,F,Yes
YARELY,132,F,Yes
YOEL,132,M,Yes
ADALINA,131,F,Yes
ARABELLE,131,F,Yes
BERNARDO,131,M,Yes
CASHTON,131,M,Yes
CATTLEYA,131,F,Yes
FRANCESCO,131,M,Yes
JACKELINE,131,F,Yes
JASLYN,131,F,Yes
JAYA,131,F,Yes
KAYLEY,131,F,Yes
TAHLIA,131,F,Yes
XAVI,131,M,Yes
ALESSA,130,F,Yes
ANNISTYN,130,F,Yes
BRIGITTE,130,F,Yes
DESIRAE,130,F,Yes
LENORA,130,F,Yes
MARTINA,130,F,Yes
SAPHIRA,130,F,Yes
SIA,130,F,Yes
SIDDHARTH,130,M,Yes
ZADIE,130,F,Yes
ADIEL,129,M,Yes
ADYSON,129,F,Yes
ALTHEA,129,F,Yes
ARIANE,129,F,Yes
ARIYANA,129,F,Yes
AVRIL,129,F,Yes
CORDELL,129,M,Yes
DERECK,129,M,Yes
INARA,129,F,Yes
JAYVEN,129,M,Yes
KAEL,129,M,Yes
MOIRA,129,F,Yes
OONA,129,F,Yes
PRECIOUS,129,F,Yes
RAMSEY,129,M,Yes
SHANIA,129,F,Yes
ABRIANNA,128,F,Yes
ARIADNA,128,F,Yes
AVARIE,128,F,Yes
AVION,128,M,Yes
EARL,128,M,Yes
ELIYAHU,128,M,Yes
GEORGINA,128,F,Yes
GERALDINE,128,F,Yes
LACI,128,F,Yes
MALIYA,128,F,Yes
MARCELINE,128,F,Yes
MARSHAWN,128,M,Yes
MAY,128,F,Yes
OREN,128,M,Yes
SANA,128,F,Yes
TEVIN,128,M,Yes
ZAKARIA,128,M,Yes
ZIA,128,F,Yes
AKSEL,127,M,Yes
AMARIAH,127,F,Yes
AMYAH,127,F,Yes
ARLETTE,127,F,Yes
CREED,127,M,Yes
DEVONTE,127,M,Yes
ELEAZAR,127,M,Yes
HALO,127,F,Yes
JAKAI,127,M,Yes
JOURNIE,127,F,Yes
LETTY,127,F,Yes
MELIA,127,F,Yes
RAELEIGH,127,F,Yes
RENESMEE,127,F,Yes
ROXANA,127,F,Yes
SHAE,127,F,Yes
TOBIN,127,M,Yes
ZOLA,127,F,Yes
AUBREIGH,126,F,Yes
DEZMOND,126,M,Yes
ELVIN,126,M,Yes
EMIL,126,M,Yes
IZAAC,126,M,Yes
IZABEL,126,F,Yes
JAXSEN,126,M,Yes
JULIETTA,126,F,Yes
KANON,126,M,Yes
KATHY,126,F,Yes
LAITH,126,M,Yes
MASSIMO,126,M,Yes
NIAM,126,M,Yes
NICOLETTE,126,F,Yes
SEBASTIEN,126,M,Yes
ZEPHYR,126,M,Yes
ZULEYKA,126,F,Yes
AARYAN,125,M,Yes
ADALEIGH,125,F,Yes
ANTONY,125,M,Yes
CARRIE,125,F,Yes
DARIA,125,F,Yes
DARLA,125,F,Yes
GIONNI,125,M,Yes
HASAN,125,M,Yes
ISHA,125,F,Yes
JAYDAN,125,M,Yes
KAINE,125,M,Yes
KAYLAH,125,F,Yes
KIYAN,125,M,Yes
LIZA,125,F,Yes
MIABELLA,125,F,Yes
MONTANA,125,F,Yes
SAMMY,125,M,Yes
SKYLEE,125,F,Yes
YANDEL,125,M,Yes
ALYSE,124,F,Yes
AMETHYST,124,F,Yes
ANAIAH,124,F,Yes
AXLE,124,M,Yes
BETSY,124,F,Yes
COBY,124,M,Yes
DEJA,124,F,Yes
DEMARI,124,M,Yes
HOYT,124,M,Yes
KAIN,124,M,Yes
KHALIA,124,F,Yes
KIRAN,124,M,Yes
KRISTA,124,F,Yes
MARGARITA,124,F,Yes
NESTOR,124,M,Yes
SALOME,124,F,Yes
SHEILA,124,F,Yes
STORMY,124,F,Yes
SUSANA,124,F,Yes
TYLAN,124,M,Yes
YAMILET,124,F,Yes
ANYLA,123,F,Yes
CAMBRIE,123,F,Yes
CAYSEN,123,M,Yes
DEION,123,M,Yes
JAEDEN,123,M,Yes
JEREMIH,123,M,Yes
NIKHIL,123,M,Yes
RIAN,123,M,Yes
WESTYN,123,M,Yes
ABDUL,122,M,Yes
ALYANNA,122,F,Yes
AZAEL,122,M,Yes
BRADYN,122,M,Yes
DEMARION,122,M,Yes
ELLIETTE,122,F,Yes
EMONI,122,F,Yes
ERYN,122,F,Yes
JAMYA,122,F,Yes
JORDIN,122,F,Yes
KAROLINA,122,F,Yes
KENJI,122,M,Yes
KENZLEE,122,F,Yes
OLLIE,122,M,Yes
RILEE,122,F,Yes
SAVANAH,122,F,Yes
ZACKERY,122,M,Yes
ZADEN,122,M,Yes
ALYNA,121,F,Yes
BAILA,121,F,Yes
BENAIAH,121,M,Yes
CHELSEY,121,F,Yes
CHYNA,121,F,Yes
CILLIAN,121,M,Yes
DEVAN,121,M,Yes
ELIEL,121,M,Yes
EMMIT,121,M,Yes
HANS,121,M,Yes
HONOR,121,F,Yes
ISAAK,121,M,Yes
JOSH,121,M,Yes
KAISLEY,121,F,Yes
KEREN,121,F,Yes
KURT,121,M,Yes
LORRAINE,121,F,Yes
NELLY,121,F,Yes
RHYLEE,121,F,Yes
RILEIGH,121,F,Yes
SHAYNA,121,F,Yes
TAYLIN,121,F,Yes
WATSON,121,M,Yes
YULISSA,121,F,Yes
YUNA,121,F,Yes
BRYER,120,M,Yes
CAYLA,120,F,Yes
DOVID,120,M,Yes
GILLIAN,120,F,Yes
JAMIYA,120,F,Yes
KARMYN,120,F,Yes
KAYLEB,120,M,Yes
KIRSTEN,120,F,Yes
MIKAH,120,M,Yes
NIYA,120,F,Yes
RICO,120,M,Yes
SAHANA,120,F,Yes
SAHARA,120,F,Yes
SHAMAR,120,M,Yes
TAYLA,120,F,Yes
WAVERLY,120,F,Yes
ZINNIA,120,F,Yes
AUSTEN,119,M,Yes
INDIGO,119,F,Yes
JAMEL,119,M,Yes
JOSSLYN,119,F,Yes
LAMONT,119,M,Yes
LIAH,119,F,Yes
LONNIE,119,M,Yes
MELANI,119,F,Yes
REEM,119,F,Yes
ROME,119,M,Yes
SIYA,119,F,Yes
TEEGAN,119,F,Yes
YASMEEN,119,F,Yes
AJAY,118,M,Yes
ARIYANNA,118,F,Yes
BRAXTYN,118,M,Yes
BRYLIE,118,F,Yes
CHAZ,118,M,Yes
CLEO,118,F,Yes
DILLAN,118,M,Yes
DONNIE,118,M,Yes
EDDY,118,M,Yes
EMMARIE,118,F,Yes
GITTY,118,F,Yes
JANIAH,118,F,Yes
KELTON,118,M,Yes
KLOE,118,F,Yes
MELODIE,118,F,Yes
ONYX,118,M,Yes
RHIANNON,118,F,Yes
SAMIA,118,F,Yes
TANIYAH,118,F,Yes
THOR,118,M,Yes
YVONNE,118,F,Yes
ABDIRAHMAN,117,M,Yes
AMAL,117,F,Yes
AMBERLY,117,F,Yes
AVIVA,117,F,Yes
CAROL,117,F,Yes
FARIS,117,M,Yes
GEORGIANA,117,F,Yes
ISIS,117,F,Yes
JIANNA,117,F,Yes
JOSLYNN,117,F,Yes
KOLT,117,M,Yes
LEYTON,117,M,Yes
MARGAUX,117,F,Yes
MAZIE,117,F,Yes
PAYTEN,117,F,Yes
PHARAOH,117,M,Yes
RANIYAH,117,F,Yes
SAMAYA,117,F,Yes
UMAR,117,M,Yes
ZARAH,117,F,Yes
ZEPHANIAH,117,M,Yes
AIZA,116,F,Yes
ALEYDA,116,F,Yes
ARLETH,116,F,Yes
BENNY,116,M,Yes
BLANCA,116,F,Yes
BROOKELYNN,116,F,Yes
CIELO,116,F,Yes
CLINT,116,M,Yes
ELOUISE,116,F,Yes
EMBERLY,116,F,Yes
HAGEN,116,M,Yes
JALAYAH,116,F,Yes
JUSTYCE,116,F,Yes
KAYLI,116,F,Yes
KENZLEY,116,F,Yes
LAZARUS,116,M,Yes
LEANNE,116,F,Yes
MAKENZI,116,F,Yes
MILEENA,116,F,Yes
NAVY,116,F,Yes
NECHAMA,116,F,Yes
NILA,116,F,Yes
NOAM,116,M,Yes
SYNCERE,116,M,Yes
YASIR,116,M,Yes
ZAKARIYA,116,M,Yes
ZEUS,116,M,Yes
AMEERA,115,F,Yes
ANISA,115,F,Yes
ARWEN,115,F,Yes
DIANNA,115,F,Yes
EDIE,115,F,Yes
HENSLEY,115,F,Yes
HIRAM,115,M,Yes
IVEY,115,F,Yes
JACEN,115,M,Yes
JESSIAH,115,M,Yes
KINZLEE,115,F,Yes
LANIYA,115,F,Yes
MAGDALENE,115,F,Yes
MARIELLE,115,F,Yes
MARYANN,115,F,Yes
SHEPARD,115,M,Yes
TALA,115,F,Yes
TAYTUM,115,F,Yes
YESHUA,115,M,Yes
ABIGALE,114,F,Yes
AKEEM,114,M,Yes
BRANDT,114,M,Yes
CANYON,114,M,Yes
CECIL,114,M,Yes
CORI,114,F,Yes
DAKARI,114,M,Yes
DON,114,M,Yes
ISHAN,114,M,Yes
JAYLANI,114,F,Yes
JESSALYN,114,F,Yes
KARI,114,F,Yes
LOKI,114,M,Yes
LUCERO,114,F,Yes
OAKLEIGH,114,F,Yes
PAIZLEY,114,F,Yes
RAMSES,114,M,Yes
RORI,114,F,Yes
XITLALI,114,F,Yes
ARHAM,113,M,Yes
ASHLEIGH,113,F,Yes
BREA,113,F,Yes
COLLEEN,113,F,Yes
DUANE,113,M,Yes
GRACIELA,113,F,Yes
KADYN,113,M,Yes
KLARA,113,F,Yes
TYRESE,113,M,Yes
ALEKSANDRA,112,F,Yes
ALEYNA,112,F,Yes
ANTWAN,112,M,Yes
ASHLY,112,F,Yes
ASIYA,112,F,Yes
CARMELA,112,F,Yes
DASHAWN,112,M,Yes
ECHO,112,F,Yes
GENTRY,112,F,Yes
GEOVANNI,112,M,Yes
GIUSEPPE,112,M,Yes
IYLA,112,F,Yes
JAINA,112,F,Yes
JETHRO,112,M,Yes
KALINA,112,F,Yes
KREW,112,M,Yes
LAIYAH,112,F,Yes
MARIEL,112,F,Yes
NICHOLE,112,F,Yes
SANAYA,112,F,Yes
SAVION,112,M,Yes
SHOSHANA,112,F,Yes
TIARA,112,F,Yes
TRUETT,112,M,Yes
VIKTORIA,112,F,Yes
ZAVION,112,M,Yes
ABYGAIL,111,F,Yes
ADALIA,111,F,Yes
AISLYN,111,F,Yes
ALEXANDRE,111,M,Yes
ANSH,111,M,Yes
ELAN,111,M,Yes
ESTER,111,F,Yes
EVEREST,111,M,Yes
IRVIN,111,M,Yes
JAVEN,111,M,Yes
KHAI,111,M,Yes
MAREK,111,M,Yes
NAVYA,111,F,Yes
SOLEIL,111,F,Yes
VAIDA,111,F,Yes
VEER,111,M,Yes
AMAURI,110,M,Yes
ARMONI,110,F,Yes
BRITTNEY,110,F,Yes
BRONX,110,M,Yes
CANDICE,110,F,Yes
CLIFTON,110,M,Yes
DARBY,110,F,Yes
DENIS,110,M,Yes
EMALEE,110,F,Yes
GRAYDEN,110,M,Yes
ISA,110,M,Yes
JAMIL,110,M,Yes
JUDD,110,M,Yes
KEYON,110,M,Yes
KIANNA,110,F,Yes
KORBEN,110,M,Yes
MAELYNN,110,F,Yes
NOVAH,110,F,Yes
RISHAAN,110,M,Yes
TANVI,110,F,Yes
YOUSIF,110,M,Yes
ZAINA,110,F,Yes
CEDAR,109,M,Yes
CHIARA,109,F,Yes
CIERRA,109,F,Yes
ELY,109,M,Yes
FINLEIGH,109,F,Yes
JADYN,109,F,Yes
JAHLIL,109,M,Yes
JOURNEI,109,F,Yes
KATIA,109,F,Yes
KHLOEE,109,F,Yes
KOBY,109,M,Yes
KRISTIN,109,F,Yes
LAYLANI,109,F,Yes
MARKEL,109,M,Yes
OSKAR,109,M,Yes
RIGOBERTO,109,M,Yes
TIBERIUS,109,M,Yes
VIOLETTA,109,F,Yes
WOLFGANG,109,M,Yes
ADLEIGH,108,F,Yes
ANNALISA,108,F,Yes
BERKELEY,108,F,Yes
BRANDI,108,F,Yes
CHAYCE,108,M,Yes
DEVEN,108,M,Yes
JASLYNN,108,F,Yes
LAYNA,108,F,Yes
LEVON,108,M,Yes
LLOYD,108,M,Yes
LOIS,108,F,Yes
LOVE,108,F,Yes
ABIGAYLE,107,F,Yes
ADALYNNE,107,F,Yes
BRAYLYNN,107,F,Yes
DOV,107,M,Yes
DRAYDEN,107,M,Yes
FAIGY,107,F,Yes
FATIMAH,107,F,Yes
FLOYD,107,M,Yes
FYNN,107,M,Yes
JARON,107,M,Yes
KAIUS,107,M,Yes
KHADIJAH,107,F,Yes
KYRAN,107,M,Yes
LOREN,107,F,Yes
MONA,107,F,Yes
MONTE,107,M,Yes
NIYAH,107,F,Yes
REYA,107,F,Yes
STEPHON,107,M,Yes
TAELYNN,107,F,Yes
ALEEAH,106,F,Yes
ALEYAH,106,F,Yes
BRITTON,106,M,Yes
EMBERLYN,106,F,Yes
EMELYN,106,F,Yes
ESTEVAN,106,M,Yes
ITALIA,106,F,Yes
JOHANA,106,F,Yes
JOHNNIE,106,M,Yes
JONES,106,M,Yes
KALIAH,106,F,Yes
KHARI,106,M,Yes
KYRIN,106,M,Yes
LYNLEE,106,F,Yes
MARCELINO,106,M,Yes
MARISA,106,F,Yes
MATHEO,106,M,Yes
OLIN,106,M,Yes
YOLANDA,106,F,Yes
ZAYDA,106,F,Yes
ANNMARIE,105,F,Yes
ARAYAH,105,F,Yes
ARMAN,105,M,Yes
ARYAH,105,F,Yes
BANKS,105,M,Yes
BEATRIZ,105,F,Yes
DAMONI,105,M,Yes
DEV,105,M,Yes
EMBERLYNN,105,F,Yes
JACELYN,105,F,Yes
JAMILA,105,F,Yes
JUANA,105,F,Yes
MARIAJOSE,105,F,Yes
MAYCEE,105,F,Yes
NAZIR,105,M,Yes
SANDY,105,F,Yes
YAKOV,105,M,Yes
YUSRA,105,F,Yes
ADITI,104,F,Yes
ARTEMIS,104,F,Yes
ASHLEE,104,F,Yes
CORALIE,104,F,Yes
DOMENIC,104,M,Yes
ELYSSA,104,F,Yes
FISCHER,104,M,Yes
JOLEE,104,F,Yes
MAELYN,104,F,Yes
MAXON,104,M,Yes
MORRIS,104,M,Yes
RAYLEN,104,M,Yes
ROCIO,104,F,Yes
ROSELYNN,104,F,Yes
SAFA,104,F,Yes
SAIF,104,M,Yes
SHANIYA,104,F,Yes
STRYKER,104,M,Yes
SUMAYA,104,F,Yes
TANYA,104,F,Yes
YARIEL,104,M,Yes
ZAINE,104,M,Yes
ABAGAIL,103,F,Yes
ANNALYNN,103,F,Yes
ARIE,103,F,Yes
ARNAV,103,M,Yes
AVIA,103,F,Yes
AZRIEL,103,M,Yes
BRAXTEN,103,M,Yes
CASPIAN,103,M,Yes
DALEYSA,103,F,Yes
DAMIR,103,M,Yes
DEASIA,103,F,Yes
DWIGHT,103,M,Yes
IMAN,103,F,Yes
JACIE,103,F,Yes
JASIEL,103,M,Yes
JAVIAN,103,M,Yes
KEELEY,103,F,Yes
KORIE,103,F,Yes
KYAH,103,F,Yes
LETTIE,103,F,Yes
MADDEX,103,M,Yes
MARCELA,103,F,Yes
MAYLIN,103,F,Yes
MYKA,103,F,Yes
RIO,103,M,Yes
TALYA,103,F,Yes
VALENCIA,103,F,Yes
VICKY,103,F,Yes
YASIN,103,M,Yes
ACACIA,102,F,Yes
DEWAYNE,102,M,Yes
HAFSA,102,F,Yes
KENNADI,102,F,Yes
KYLAR,102,M,Yes
LAINA,102,F,Yes
MACKENNA,102,F,Yes
MAKINLEY,102,F,Yes
MARLI,102,F,Yes
MATTIAS,102,M,Yes
MICKEY,102,M,Yes
MONTGOMERY,102,M,Yes
ORIANA,102,F,Yes
RAELEE,102,F,Yes
RANSOM,102,M,Yes
RHYAN,102,F,Yes
ROCHEL,102,F,Yes
SHAURYA,102,M,Yes
TREVON,102,M,Yes
VERNON,102,M,Yes
WILMER,102,M,Yes
ZAKAI,102,M,Yes
DORA,101,F,Yes
GARETH,101,M,Yes
GINA,101,F,Yes
HENRI,101,M,Yes
ILAN,101,M,Yes
JAYCIE,101,F,Yes
JUSTINE,101,F,Yes
KACE,101,M,Yes
KALLI,101,F,Yes
KIYAH,101,F,Yes
KLAYTON,101,M,Yes
LAIKYN,101,F,Yes
LANIE,101,F,Yes
LLUVIA,101,F,Yes
MAXIMILLIAN,101,M,Yes
MONIQUE,101,F,Yes
MYRON,101,M,Yes
PAIZLEE,101,F,Yes
RANIA,101,F,Yes
STACEY,101,F,Yes
TERENCE,101,M,Yes
YANA,101,F,Yes
ZAIDYN,101,M,Yes
ALEXAVIER,100,M,Yes
AMBROSE,100,M,Yes
AMIAS,100,M,Yes
ANALEAH,100,F,Yes
ANAS,100,M,Yes
ARYEH,100,M,Yes
BRIGHAM,100,M,Yes
CRISTAL,100,F,Yes
FABIOLA,100,F,Yes
FRED,100,M,Yes
IRELYNN,100,F,Yes
IRVING,100,M,Yes
IYANA,100,F,Yes
JAKOBI,100,M,Yes
JAQUAN,100,M,Yes
KYNG,100,M,Yes
KYZER,100,M,Yes
LESTER,100,M,Yes
MARIANNE,100,F,Yes
MARKO,100,M,Yes
MAURO,100,M,Yes
NIKLAUS,100,M,Yes
OSIRIS,100,M,Yes
STEELE,100,M,Yes
ANGELY,99,F,Yes
BRAULIO,99,M,Yes
EFREN,99,M,Yes
EITHAN,99,M,Yes
ELYSIA,99,F,Yes
EVANDER,99,M,Yes
GIANLUCA,99,M,Yes
ITALY,99,F,Yes
JOSSELYN,99,F,Yes
KHALED,99,M,Yes
LAKELYN,99,F,Yes
LEEN,99,F,Yes
LULA,99,F,Yes
LUTHER,99,M,Yes
LUX,99,F,Yes
MAKAYLAH,99,F,Yes
MALENA,99,F,Yes
MARIYA,99,F,Yes
MERIDA,99,F,Yes
MIRABELLE,99,F,Yes
OSMAN,99,M,Yes
TRISHA,99,F,Yes
AMINATA,98,F,Yes
ANYLAH,98,F,Yes
AOIFE,98,F,Yes
ASH,98,M,Yes
AVELINE,98,F,Yes
BEAUX,98,M,Yes
BJORN,98,M,Yes
CHESTER,98,M,Yes
DAWN,98,F,Yes
DENIM,98,M,Yes
ELA,98,F,Yes
ENDER,98,M,Yes
IVA,98,F,Yes
JAIDYN,98,M,Yes
JALEEL,98,M,Yes
JARIEL,98,M,Yes
JAYVON,98,M,Yes
JORDON,98,M,Yes
JOVANNY,98,M,Yes
KEELY,98,F,Yes
KERRIGAN,98,F,Yes
KOREY,98,M,Yes
LAYA,98,F,Yes
MAHDI,98,M,Yes
RAIZY,98,F,Yes
ROAN,98,M,Yes
RYATT,98,M,Yes
THERON,98,M,Yes
VERONIKA,98,F,Yes
ZAMARI,98,M,Yes
ABDULAZIZ,97,M,Yes
ALONNA,97,F,Yes
ANSLEIGH,97,F,Yes
AVIGAIL,97,F,Yes
AZAIAH,97,M,Yes
BRYDEN,97,M,Yes
DREAM,97,F,Yes
INES,97,F,Yes
JAYSEN,97,M,Yes
KAISEN,97,M,Yes
KAVYA,97,F,Yes
LOYALTY,97,F,Yes
NOUR,97,F,Yes
RIPLEY,97,F,Yes
RYDEN,97,M,Yes
ZACHERY,97,M,Yes
AERIS,96,F,Yes
AFTON,96,F,Yes
ARIONNA,96,F,Yes
AURELIO,96,M,Yes
BRYSTOL,96,F,Yes
CAELYN,96,F,Yes
DONTAE,96,M,Yes
ELLI,96,F,Yes
EMMALEIGH,96,F,Yes
ESTELA,96,F,Yes
EZRAH,96,M,Yes
FIDEL,96,M,Yes
HERIBERTO,96,M,Yes
HYRUM,96,M,Yes
INAYA,96,F,Yes
IRINA,96,F,Yes
JEANETTE,96,F,Yes
KHALI,96,F,Yes
LIYAH,96,F,Yes
LYNETTE,96,F,Yes
MARWA,96,F,Yes
NAILA,96,F,Yes
STEFANY,96,F,Yes
YAZAN,96,M,Yes
ZYLER,96,M,Yes
ALLISSON,95,F,Yes
ALYANA,95,F,Yes
ARNOLD,95,M,Yes
BILLIE,95,F,Yes
CALIYAH,95,F,Yes
DASHA,95,F,Yes
HARLEEN,95,F,Yes
JANELLY,95,F,Yes
JIYA,95,F,Yes
JOANNE,95,F,Yes
KACEN,95,M,Yes
LAILANI,95,F,Yes
LESLEY,95,F,Yes
MADDILYN,95,F,Yes
MICAIAH,95,M,Yes
NEEL,95,M,Yes
PATRICIO,95,M,Yes
PAULETTE,95,F,Yes
ROXANNA,95,F,Yes
SABINE,95,F,Yes
SYDNEE,95,F,Yes
TREMAINE,95,M,Yes
XOCHITL,95,F,Yes
ZARINA,95,F,Yes
ZAYVION,95,M,Yes
ZYLA,95,F,Yes
AIYDEN,94,M,Yes
AMERIE,94,F,Yes
ANDREY,94,M,Yes
ARROW,94,M,Yes
AURA,94,F,Yes
CAM,94,M,Yes
CARLTON,94,M,Yes
CHAVA,94,F,Yes
DONAVAN,94,M,Yes
ELIAM,94,M,Yes
ERVIN,94,M,Yes
FREDY,94,M,Yes
JACI,94,F,Yes
JOSEFINA,94,F,Yes
JUANITA,94,F,Yes
KENAN,94,M,Yes
LYAM,94,M,Yes
NAIA,94,F,Yes
PHINEAS,94,M,Yes
RACHELLE,94,F,Yes
RAE,94,F,Yes
RIKER,94,M,Yes
RYLIN,94,F,Yes
SABINA,94,F,Yes
TARIQ,94,M,Yes
VITO,94,M,Yes
ADVIK,93,M,Yes
ANALEE,93,F,Yes
AUDRIE,93,F,Yes
CITLALI,93,F,Yes
DAFNE,93,F,Yes
DAXON,93,M,Yes
DEVORAH,93,F,Yes
EITAN,93,M,Yes
ETHEN,93,M,Yes
GLEN,93,M,Yes
GRACEN,93,F,Yes
HAYVEN,93,F,Yes
IKE,93,M,Yes
JACKIE,93,F,Yes
JACKLYN,93,F,Yes
JAN,93,M,Yes
JAXYN,93,M,Yes
JERIMIAH,93,M,Yes
JHETT,93,M,Yes
KELIS,93,F,Yes
KENYON,93,M,Yes
NIKITA,93,F,Yes
NOELLA,93,F,Yes
RAIN,93,F,Yes
RYLEY,93,M,Yes
SABASTIAN,93,M,Yes
SUSIE,93,F,Yes
TAYLEE,93,F,Yes
TERRA,93,F,Yes
XENA,93,F,Yes
ALEXANDRO,92,M,Yes
AMARIA,92,F,Yes
ASMA,92,F,Yes
BANE,92,M,Yes
BRISSA,92,F,Yes
DIANE,92,F,Yes
EVELIN,92,F,Yes
IZAN,92,M,Yes
JAKUB,92,M,Yes
JULES,92,M,Yes
KIRK,92,M,Yes
LEOPOLD,92,M,Yes
MALKY,92,F,Yes
MUHAMMED,92,M,Yes
NATE,92,M,Yes
OLYVIA,92,F,Yes
PIPPA,92,F,Yes
SAMARIA,92,F,Yes
STAR,92,F,Yes
AMARAH,91,F,Yes
ANIAH,91,F,Yes
ATHARV,91,M,Yes
BRENTLY,91,M,Yes
BRYNNLEE,91,F,Yes
CAESAR,91,M,Yes
CONSTANTINE,91,M,Yes
DAVI,91,M,Yes
ELON,91,M,Yes
ELYANA,91,F,Yes
ISOBEL,91,F,Yes
JANYLA,91,F,Yes
JOSEF,91,M,Yes
KAINOA,91,M,Yes
KAIRA,91,F,Yes
KYNZLEE,91,F,Yes
LARS,91,M,Yes
LINKIN,91,M,Yes
MAJESTY,91,F,Yes
OBADIAH,91,M,Yes
SANVI,91,F,Yes
TEDDY,91,M,Yes
ADAH,90,F,Yes
ANAYELI,90,F,Yes
AVONLEA,90,F,Yes
EIZA,90,F,Yes
GAIA,90,F,Yes
HANSEL,90,M,Yes
HERMAN,90,M,Yes
HUCK,90,M,Yes
IZAAK,90,M,Yes
JACQUES,90,M,Yes
JANNAH,90,F,Yes
JANNAT,90,F,Yes
LOURDES,90,F,Yes
LUCIO,90,M,Yes
MAELEE,90,F,Yes
ROCKWELL,90,M,Yes
ROSALINDA,90,F,Yes
SHAAN,90,M,Yes
STELLAN,90,M,Yes
SYBIL,90,F,Yes
AAIDEN,89,M,Yes
ADALIND,89,F,Yes
ALLI,89,F,Yes
AMARIE,89,F,Yes
AUBRY,89,F,Yes
AUDEN,89,M,Yes
AVAMARIE,89,F,Yes
CANDACE,89,F,Yes
CRISTOFER,89,M,Yes
DAN,89,M,Yes
DESTINI,89,F,Yes
DYLAND,89,M,Yes
ELEANORE,89,F,Yes
EMRIE,89,F,Yes
JANETH,89,F,Yes
JENCARLOS,89,M,Yes
JENELLE,89,F,Yes
JIOVANNI,89,M,Yes
KATHARINE,89,F,Yes
LIYA,89,F,Yes
MACKLIN,89,M,Yes
MAYTE,89,F,Yes
RAINE,89,F,Yes
SHAYNE,89,M,Yes
TRITON,89,M,Yes
ZAYA,89,F,Yes
AAROHI,88,F,Yes
AAYUSH,88,M,Yes
ANGUS,88,M,Yes
ARIZONA,88,F,Yes
ATHAN,88,M,Yes
BAILEIGH,88,F,Yes
BRACHA,88,F,Yes
GABE,88,M,Yes
GREER,88,F,Yes
JELANI,88,M,Yes
JOSEPHINA,88,F,Yes
KENZO,88,M,Yes
KODI,88,F,Yes
LILYAN,88,F,Yes
MELANIA,88,F,Yes
MILLY,88,F,Yes
NOLEN,88,M,Yes
NYASIA,88,F,Yes
OBED,88,M,Yes
REILLY,88,F,Yes
SELMA,88,F,Yes
TEO,88,M,Yes
WELLS,88,M,Yes
ZARIYA,88,F,Yes
AMEENA,87,F,Yes
AMOR,87,F,Yes
ANNALEAH,87,F,Yes
BENITO,87,M,Yes
BRAD,87,M,Yes
BRENTLEE,87,M,Yes
COLESON,87,M,Yes
DESHAUN,87,M,Yes
ELLIA,87,F,Yes
GRAYDON,87,M,Yes
JALAYA,87,F,Yes
JENNAH,87,F,Yes
JOB,87,M,Yes
KAMARION,87,M,Yes
KATHERYN,87,F,Yes
KEN,87,M,Yes
KIAAN,87,M,Yes
KIYA,87,F,Yes
KYDEN,87,M,Yes
LAZARO,87,M,Yes
MAIZY,87,F,Yes
MARYN,87,F,Yes
RAYVEN,87,F,Yes
RICKEY,87,M,Yes
SHALOM,87,M,Yes
SHEYLA,87,F,Yes
SOL,87,F,Yes
TEIGAN,87,F,Yes
VIRAJ,87,M,Yes
ZYANA,87,F,Yes
ADNAN,86,M,Yes
AVALEE,86,F,Yes
AVARY,86,F,Yes
AVAYA,86,F,Yes
AVROHOM,86,M,Yes
BROOKLYNNE,86,F,Yes
CANON,86,M,Yes
CASPER,86,M,Yes
DANAE,86,F,Yes
ELIORA,86,F,Yes
HAIDYN,86,F,Yes
HAWA,86,F,Yes
HUSSAIN,86,M,Yes
INAAYA,86,F,Yes
JERAMIAH,86,M,Yes
JOANN,86,F,Yes
JOI,86,F,Yes
JUNO,86,F,Yes
KIMBERLYN,86,F,Yes
LENOX,86,M,Yes
LEORA,86,F,Yes
LINDEN,86,M,Yes
LUPITA,86,F,Yes
MAKAILA,86,F,Yes
MARI,86,F,Yes
MARKELL,86,M,Yes
MILDRED,86,F,Yes
NEHEMIAS,86,M,Yes
ODETTE,86,F,Yes
OM,86,M,Yes
ROGAN,86,M,Yes
TRINITI,86,F,Yes
TYCE,86,M,Yes
VED,86,M,Yes
XAIDEN,86,M,Yes
AGATHA,85,F,Yes
ALAIYAH,85,F,Yes
ALEXUS,85,F,Yes
ANALEIGH,85,F,Yes
CHANCELLOR,85,M,Yes
CHARIS,85,F,Yes
DORIS,85,F,Yes
ELLINGTON,85,F,Yes
FERN,85,F,Yes
GIZELLE,85,F,Yes
ILYAS,85,M,Yes
JAMARCUS,85,M,Yes
KAMIAH,85,F,Yes
KHRISTIAN,85,M,Yes
KHYREE,85,M,Yes
KRISHA,85,F,Yes
LAINE,85,F,Yes
MANHA,85,F,Yes
MATHIS,85,M,Yes
MIGUELANGEL,85,M,Yes
SAYDEE,85,F,Yes
SONJA,85,F,Yes
TANIYA,85,F,Yes
VIANNEY,85,F,Yes
ADELLE,84,F,Yes
AJA,84,F,Yes
ANISSA,84,F,Yes
ANNEMARIE,84,F,Yes
AYLAH,84,F,Yes
BAKER,84,M,Yes
CHAYSE,84,M,Yes
DANDRE,84,M,Yes
DANNI,84,F,Yes
DEMARCO,84,M,Yes
DEMETRI,84,M,Yes
EILA,84,F,Yes
EMELINE,84,F,Yes
ETERNITY,84,F,Yes
FALLYN,84,F,Yes
HAMILTON,84,M,Yes
JHENE,84,F,Yes
KALYNN,84,F,Yes
KANIYAH,84,F,Yes
LILLITH,84,F,Yes
MYLEE,84,F,Yes
MYLO,84,M,Yes
NEVA,84,F,Yes
RIA,84,F,Yes
SAMARTH,84,M,Yes
STUART,84,M,Yes
TYSHAWN,84,M,Yes
ADELIA,83,F,Yes
AHARON,83,M,Yes
ALAYLA,83,F,Yes
BATSHEVA,83,F,Yes
BRAEDYN,83,M,Yes
BREELYN,83,F,Yes
BRYAR,83,M,Yes
CALLAHAN,83,M,Yes
CALLI,83,F,Yes
CARSTEN,83,M,Yes
COCO,83,F,Yes
COLSTON,83,M,Yes
DAYLAN,83,M,Yes
EMALYNN,83,F,Yes
FREDDIE,83,M,Yes
GIULIA,83,F,Yes
GLADYS,83,F,Yes
HOLLIE,83,F,Yes
JAILYNN,83,F,Yes
JAIRUS,83,M,Yes
JALYNN,83,F,Yes
JAYCION,83,M,Yes
JAZZLYNN,83,F,Yes
JIA,83,F,Yes
KALENA,83,F,Yes
KAMBREE,83,F,Yes
KESHAWN,83,M,Yes
LINLEY,83,F,Yes
LORALEI,83,F,Yes
MARLOW,83,F,Yes
MCKINLEE,83,F,Yes
MILLICENT,83,F,Yes
OMARION,83,M,Yes
RASHAWN,83,M,Yes
RAYMUNDO,83,M,Yes
REBEL,83,F,Yes
SHANIYAH,83,F,Yes
SINAI,83,F,Yes
TIMBER,83,F,Yes
TRACY,83,F,Yes
YAIZA,83,F,Yes
ABDULLAHI,82,M,Yes
ALYZA,82,F,Yes
ANISHA,82,F,Yes
ARION,82,M,Yes
CARYS,82,F,Yes
CHRISTY,82,F,Yes
CLIVE,82,M,Yes
CONNIE,82,F,Yes
DAENERYS,82,F,Yes
DELYLAH,82,F,Yes
FLOR,82,F,Yes
GLORY,82,F,Yes
ILANA,82,F,Yes
IZEL,82,F,Yes
JANNA,82,F,Yes
JASLEEN,82,F,Yes
JAZMYNE,82,F,Yes
KAMYA,82,F,Yes
KEIRY,82,F,Yes
KENZLEIGH,82,F,Yes
KINZIE,82,F,Yes
LEYLANI,82,F,Yes
LYNN,82,F,Yes
ORRIN,82,M,Yes
RAFE,82,M,Yes
RIVERS,82,M,Yes
SAID,82,M,Yes
TALEAH,82,F,Yes
TAMAR,82,F,Yes
TYTUS,82,M,Yes
ZAYNA,82,F,Yes
AARADHYA,81,F,Yes
ALISTER,81,M,Yes
AMEERAH,81,F,Yes
AMIN,81,M,Yes
ANISH,81,M,Yes
ARIANNE,81,F,Yes
AVELYN,81,F,Yes
BRANT,81,M,Yes
CAI,81,M,Yes
CHARLY,81,F,Yes
CIENNA,81,F,Yes
EMMI,81,F,Yes
EZIO,81,M,Yes
JAEDYN,81,M,Yes
JASMYN,81,F,Yes
JAXSTON,81,M,Yes
KAYDANCE,81,F,Yes
KAYDEE,81,F,Yes
KORY,81,M,Yes
LARKIN,81,F,Yes
LEANN,81,F,Yes
LEXINGTON,81,F,Yes
MASSIAH,81,M,Yes
MILLA,81,F,Yes
TREYSON,81,M,Yes
YATZIRI,81,F,Yes
YAZAIRA,81,F,Yes
YOUSUF,81,M,Yes
ADDELYNN,80,F,Yes
ANASOFIA,80,F,Yes
ANIA,80,F,Yes
ANISTYN,80,F,Yes
ANNALIA,80,F,Yes
ANVI,80,F,Yes
BOYD,80,M,Yes
CALLEIGH,80,F,Yes
DEONTE,80,M,Yes
EMARIE,80,F,Yes
EVOLET,80,F,Yes
HELLEN,80,F,Yes
JAYDIN,80,M,Yes
JAYNE,80,F,Yes
KAIRO,80,M,Yes
KEONI,80,M,Yes
KIPTON,80,M,Yes
LILLYAN,80,F,Yes
LOTUS,80,F,Yes
MARBELLA,80,F,Yes
MERRITT,80,F,Yes
MORRISON,80,M,Yes
NEO,80,M,Yes
OCEAN,80,M,Yes
RICK,80,M,Yes
ROXY,80,F,Yes
SARIYA,80,F,Yes
SEVYN,80,F,Yes
TAYLYNN,80,F,Yes
THEODORA,80,F,Yes
TILLY,80,F,Yes
TRISTYN,80,M,Yes
ZAIDA,80,F,Yes
ABE,79,M,Yes
ADIN,79,M,Yes
AIZEN,79,M,Yes
ALYCE,79,F,Yes
ARIBELLA,79,F,Yes
BRAYTON,79,M,Yes
BRIGID,79,F,Yes
DEBORA,79,F,Yes
DESEAN,79,M,Yes
GOLDIE,79,F,Yes
JAHIR,79,M,Yes
JAKHI,79,M,Yes
JAXIN,79,M,Yes
KAYLENE,79,F,Yes
KYSEN,79,M,Yes
LUC,79,M,Yes
MAHOGANY,79,F,Yes
MALLORIE,79,F,Yes
MARGUERITE,79,F,Yes
MARLIN,79,M,Yes
MASYN,79,M,Yes
MAYLA,79,F,Yes
RAYLON,79,M,Yes
SIRE,79,M,Yes
SUSANNAH,79,F,Yes
AAHIL,78,M,Yes
AINSLEE,78,F,Yes
ALLEGRA,78,F,Yes
AMEN,78,M,Yes
ANAY,78,M,Yes
ANI,78,F,Yes
ANTOINETTE,78,F,Yes
ARVIN,78,M,Yes
AVNI,78,F,Yes
BLAYNE,78,M,Yes
BRYTON,78,M,Yes
CALDER,78,M,Yes
CORINA,78,F,Yes
DARRIUS,78,M,Yes
DIVINE,78,F,Yes
DONNELL,78,M,Yes
GEOFFREY,78,M,Yes
HERBERT,78,M,Yes
JACARI,78,M,Yes
JOANA,78,F,Yes
KAEDYN,78,M,Yes
KARAM,78,M,Yes
KELSI,78,F,Yes
KYLIN,78,M,Yes
LOTTIE,78,F,Yes
LUCIANNA,78,F,Yes
MINDY,78,F,Yes
MOHAMAD,78,M,Yes
NATHEN,78,M,Yes
ORIN,78,M,Yes
PRISCILA,78,F,Yes
RAYLIN,78,F,Yes
RUHI,78,F,Yes
SAMAIRA,78,F,Yes
SAMEER,78,M,Yes
SHAELYN,78,F,Yes
SHAINA,78,F,Yes
SKARLETT,78,F,Yes
SWARA,78,F,Yes
WARNER,78,M,Yes
YONATAN,78,M,Yes
ZADE,78,M,Yes
ZOOEY,78,F,Yes
AINARA,77,F,Yes
AMIRACLE,77,F,Yes
ANGELIE,77,F,Yes
ANNALYSE,77,F,Yes
ANSLEE,77,F,Yes
ASIYAH,77,F,Yes
AYMAN,77,M,Yes
BLAIZE,77,M,Yes
BRIANNE,77,F,Yes
BRYNNLEY,77,F,Yes
COLTYN,77,M,Yes
CYLAS,77,M,Yes
ERICKA,77,F,Yes
GERSON,77,M,Yes
HADI,77,M,Yes
KALYN,77,F,Yes
KENSLEE,77,F,Yes
KRISTINE,77,F,Yes
KURTIS,77,M,Yes
LAEL,77,F,Yes
LAYNIE,77,F,Yes
MAIZIE,77,F,Yes
MALIKAI,77,M,Yes
MARLO,77,F,Yes
NICOLAI,77,M,Yes
NOELANI,77,F,Yes
OLIVIER,77,M,Yes
PAULINE,77,F,Yes
PAYSON,77,M,Yes
PHILOMENA,77,F,Yes
RILYN,77,F,Yes
RIVKY,77,F,Yes
SAAD,77,M,Yes
SAHASRA,77,F,Yes
SHERRY,77,F,Yes
SUZANNE,77,F,Yes
TALAN,77,M,Yes
VALOR,77,M,Yes
WESTEN,77,M,Yes
ADELYNNE,76,F,Yes
AGASTYA,76,M,Yes
AISLEY,76,F,Yes
ARANTXA,76,F,Yes
ARIUS,76,M,Yes
AVALEIGH,76,F,Yes
AYUSH,76,M,Yes
BROOKELYN,76,F,Yes
CAEDEN,76,M,Yes
CHANELLE,76,F,Yes
CHRISTIANNA,76,F,Yes
EDMOND,76,M,Yes
EDNA,76,F,Yes
ELISHEVA,76,F,Yes
EMAAN,76,F,Yes
FELICIA,76,F,Yes
GIULIANNA,76,F,Yes
HAMPTON,76,M,Yes
HARLYN,76,F,Yes
IBRAHEEM,76,M,Yes
JAYLEIGH,76,F,Yes
JAYVEON,76,M,Yes
JED,76,M,Yes
KAILEIGH,76,F,Yes
KELLIN,76,M,Yes
KNOWLEDGE,76,M,Yes
KOLLIN,76,M,Yes
KYLYNN,76,F,Yes
MALINDA,76,F,Yes
MICHELANGELO,76,M,Yes
NORMA,76,F,Yes
PRESLIE,76,F,Yes
RHYDER,76,M,Yes
ROMY,76,F,Yes
SANJAY,76,M,Yes
SAVANA,76,F,Yes
SHYANN,76,F,Yes
STORM,76,F,Yes
TENZIN,76,M,Yes
WENDELL,76,M,Yes
YURI,76,F,Yes
ZAKARY,76,M,Yes
ZAKIYAH,76,F,Yes
ALEXI,75,F,Yes
ALONA,75,F,Yes
AMMON,75,M,Yes
ANAIYA,75,F,Yes
ANAIYAH,75,F,Yes
ANDREI,75,M,Yes
AUGUSTIN,75,M,Yes
BRECK,75,M,Yes
BRISEIDA,75,F,Yes
CALUM,75,M,Yes
CHAYTON,75,M,Yes
CONLEY,75,M,Yes
DAMANI,75,M,Yes
DASIA,75,F,Yes
DMITRI,75,M,Yes
DRAYA,75,F,Yes
ELIOTT,75,M,Yes
EMMAROSE,75,F,Yes
FILIP,75,M,Yes
FINNIGAN,75,M,Yes
GEMA,75,F,Yes
GIORGIO,75,M,Yes
HADASSA,75,F,Yes
ISIDRO,75,M,Yes
JACELYNN,75,F,Yes
JAHEIM,75,M,Yes
JAXSYN,75,M,Yes
JAYNA,75,F,Yes
JOSEY,75,F,Yes
KENZINGTON,75,F,Yes
KONRAD,75,M,Yes
LANDAN,75,M,Yes
LILYANNE,75,F,Yes
LIYANA,75,F,Yes
MISHA,75,F,Yes
ODESSA,75,F,Yes
OMER,75,M,Yes
RENZO,75,M,Yes
SKYLIN,75,F,Yes
TAHA,75,M,Yes
THEIA,75,F,Yes
TREYVON,75,M,Yes
TYRUS,75,M,Yes
VIANEY,75,F,Yes
WITTEN,75,M,Yes
YADIRA,75,F,Yes
YUSEF,75,M,Yes
ABBAS,74,M,Yes
ACELYNN,74,F,Yes
ADARA,74,F,Yes
ALIVIAH,74,F,Yes
AVYANNA,74,F,Yes
AYUB,74,M,Yes
AZLYNN,74,F,Yes
BARRON,74,M,Yes
BERLIN,74,F,Yes
BRADLEE,74,M,Yes
CARTIER,74,M,Yes
CAYLEIGH,74,F,Yes
EBEN,74,M,Yes
EVALINA,74,F,Yes
EVIN,74,M,Yes
FLINT,74,M,Yes
HIRO,74,M,Yes
ILLIANA,74,F,Yes
ISAEL,74,M,Yes
JAICEON,74,M,Yes
JARROD,74,M,Yes
JASLENE,74,F,Yes
JAZIAH,74,M,Yes
JENNIE,74,F,Yes
JOHANNAH,74,F,Yes
JOHNSON,74,M,Yes
JUANCARLOS,74,M,Yes
JUANPABLO,74,M,Yes
KAHLAN,74,F,Yes
KASSIE,74,F,Yes
KENADEE,74,F,Yes
KHARTER,74,M,Yes
KHYLEE,74,F,Yes
KLAIRE,74,F,Yes
LYRIK,74,F,Yes
MASIAH,74,M,Yes
NIRVANA,74,F,Yes
OZIEL,74,M,Yes
RAHMA,74,F,Yes
RANDI,74,F,Yes
SAHIL,74,M,Yes
SHAYAN,74,M,Yes
SHIRA,74,F,Yes
TRE,74,M,Yes
TYTAN,74,M,Yes
WEST,74,M,Yes
WYLIE,74,M,Yes
ZACHARIAS,74,M,Yes
ZEN,74,M,Yes
ADLEE,73,F,Yes
ADRIA,73,F,Yes
ANJA,73,F,Yes
BERKLEE,73,F,Yes
BLAKELEY,73,F,Yes
CIARAN,73,M,Yes
CORALEE,73,F,Yes
DAKOTAH,73,F,Yes
DAVONTE,73,M,Yes
DYSON,73,M,Yes
ELYJAH,73,M,Yes
FATOUMATA,73,F,Yes
FITZGERALD,73,M,Yes
GREGORIO,73,M,Yes
HALIMA,73,F,Yes
INDIANA,73,F,Yes
JAKOBY,73,M,Yes
JAMIA,73,F,Yes
JOVI,73,F,Yes
KAVIN,73,M,Yes
KENNADY,73,F,Yes
KIRRA,73,F,Yes
LAYAH,73,F,Yes
LAYDEN,73,M,Yes
LEANDER,73,M,Yes
MAGALY,73,F,Yes
MAYAR,73,F,Yes
MENDEL,73,M,Yes
NAIYA,73,F,Yes
NAVEAH,73,F,Yes
PIA,73,F,Yes
SHAILA,73,F,Yes
SHIV,73,M,Yes
SHRIYA,73,F,Yes
STARR,73,F,Yes
SYLVESTER,73,M,Yes
SYRUS,73,M,Yes
WILLIS,73,M,Yes
XAVION,73,M,Yes
ZIPPORAH,73,F,Yes
ZYMIR,73,M,Yes
AARALYN,72,F,Yes
AASHVI,72,F,Yes
ABELLA,72,F,Yes
ABRIANA,72,F,Yes
AMYIAH,72,F,Yes
ANALIYAH,72,F,Yes
ANASTACIA,72,F,Yes
ANNALIE,72,F,Yes
ANNALYN,72,F,Yes
ASHWIN,72,M,Yes
AVIAN,72,M,Yes
BRINKLEY,72,F,Yes
DEKLYN,72,M,Yes
DEMPSEY,72,M,Yes
ELIYAH,72,F,Yes
GAVRIEL,72,M,Yes
ILY,72,F,Yes
IVIE,72,F,Yes
JANAI,72,F,Yes
JANELY,72,F,Yes
JESSLYN,72,F,Yes
KHAMARI,72,M,Yes
KYARA,72,F,Yes
LEMUEL,72,M,Yes
LEXY,72,F,Yes
LEYNA,72,F,Yes
MAHMOUD,72,M,Yes
MALEK,72,M,Yes
MAPLE,72,F,Yes
MARLENA,72,F,Yes
MEARA,72,F,Yes
MEYER,72,M,Yes
RUDRA,72,M,Yes
RYLEI,72,F,Yes
SAIRA,72,F,Yes
SAYA,72,F,Yes
SKYY,72,F,Yes
YOCHEVED,72,F,Yes
ZAVIAN,72,M,Yes
ABIEL,71,M,Yes
AJ,71,M,Yes
ALEEN,71,F,Yes
ALEEYAH,71,F,Yes
ALYSSON,71,F,Yes
ARIANNAH,71,F,Yes
BROOK,71,F,Yes
BRYNNA,71,F,Yes
CERENITY,71,F,Yes
COLETON,71,M,Yes
ELLYANA,71,F,Yes
EMMERSYN,71,F,Yes
ENSLEY,71,F,Yes
GADIEL,71,M,Yes
JEFF,71,M,Yes
JOSELUIS,71,M,Yes
KARAS,71,M,Yes
KARELY,71,F,Yes
KAYNE,71,M,Yes
KIM,71,F,Yes
KOLBIE,71,F,Yes
KYRAH,71,F,Yes
LEANA,71,F,Yes
MABRY,71,F,Yes
MALEIGHA,71,F,Yes
MARQUEZ,71,M,Yes
ODEN,71,M,Yes
RAVYN,71,F,Yes
REN,71,M,Yes
RIDLEY,71,F,Yes
ROSCOE,71,M,Yes
RYANNE,71,F,Yes
SABELLA,71,F,Yes
SERENE,71,F,Yes
SIMRAN,71,F,Yes
ZACH,71,M,Yes
AALAYAH,70,F,Yes
ADELLA,70,F,Yes
BAYLIE,70,F,Yes
BECKAM,70,M,Yes
BETHEL,70,F,Yes
BRISEYDA,70,F,Yes
CAITLYNN,70,F,Yes
COLLETTE,70,F,Yes
DARIN,70,M,Yes
DARION,70,M,Yes
DESIRE,70,F,Yes
DIXON,70,M,Yes
EVERARDO,70,M,Yes
ISELA,70,F,Yes
IVETTE,70,F,Yes
JANAYA,70,F,Yes
JARIYAH,70,F,Yes
JIMMIE,70,M,Yes
JORDANA,70,F,Yes
JOVANY,70,M,Yes
JULIETH,70,F,Yes
KARSTEN,70,M,Yes
KASYN,70,M,Yes
KEKOA,70,M,Yes
LEXUS,70,F,Yes
LILLI,70,F,Yes
MEAGAN,70,F,Yes
NAVA,70,F,Yes
NILAH,70,F,Yes
OSMAR,70,M,Yes
OZZY,70,M,Yes
PATTON,70,M,Yes
ROYALE,70,F,Yes
SEQUOIA,70,F,Yes
SHIA,70,M,Yes
TILLIE,70,F,Yes
TOVA,70,F,Yes
TRU,70,M,Yes
TYE,70,M,Yes
TYLEN,70,M,Yes
VENUS,70,F,Yes
YANELY,70,F,Yes
ZAYAN,70,M,Yes
ZYLEN,70,M,Yes
AHMARI,69,M,Yes
AKIVA,69,M,Yes
AMARYLLIS,69,F,Yes
ANIYLAH,69,F,Yes
ANTWON,69,M,Yes
BECCA,69,F,Yes
BRECKIN,69,M,Yes
CAMARI,69,M,Yes
CARRINGTON,69,F,Yes
CRUE,69,M,Yes
DALIYAH,69,F,Yes
DEVANTE,69,M,Yes
EMILYN,69,F,Yes
EMSLEY,69,F,Yes
EOWYN,69,F,Yes
HAYA,69,F,Yes
ISLEY,69,F,Yes
JAMIAH,69,F,Yes
JENEVIEVE,69,F,Yes
JETER,69,M,Yes
KAILY,69,F,Yes
KAYDON,69,M,Yes
LAURIE,69,F,Yes
LOYAL,69,M,Yes
MADDISYN,69,F,Yes
MANDY,69,F,Yes
MEAH,69,F,Yes
NADYA,69,F,Yes
NATALEIGH,69,F,Yes
PRUDENCE,69,F,Yes
ROSABELLA,69,F,Yes
ROSARIO,69,F,Yes
SADE,69,F,Yes
SEDONA,69,F,Yes
SULTAN,69,M,Yes
TAYLEN,69,M,Yes
VIRGIL,69,M,Yes
YEHOSHUA,69,M,Yes
ZAKIYA,69,F,Yes
ZEPPELIN,69,M,Yes
ABILENE,68,F,Yes
ADIA,68,F,Yes
ALY,68,F,Yes
ARISSA,68,F,Yes
BAXTER,68,M,Yes
BLAKELEE,68,F,Yes
BRAEDON,68,M,Yes
BRISEIS,68,F,Yes
CAILEY,68,F,Yes
CHESNEY,68,F,Yes
DANIYAH,68,F,Yes
DEKLIN,68,M,Yes
DEONTAE,68,M,Yes
EMMYLOU,68,F,Yes
FAHAD,68,M,Yes
FINLEE,68,F,Yes
GINGER,68,F,Yes
ILYANA,68,F,Yes
IZABELA,68,F,Yes
JACOBO,68,M,Yes
JAFET,68,M,Yes
JALISSA,68,F,Yes
JAYLAN,68,M,Yes
JONATAN,68,M,Yes
KAIYAH,68,F,Yes
KEZIA,68,F,Yes
KOLBE,68,M,Yes
KRISHNA,68,M,Yes
KYNNEDI,68,F,Yes
LOVELY,68,F,Yes
MACEO,68,M,Yes
MAIRA,68,F,Yes
MANNY,68,M,Yes
MANOLO,68,M,Yes
MELISA,68,F,Yes
MINNIE,68,F,Yes
NIAH,68,F,Yes
NIKA,68,F,Yes
REYES,68,M,Yes
RICHIE,68,M,Yes
RIKKI,68,F,Yes
SAFIYA,68,F,Yes
SALOMON,68,M,Yes
SULAIMAN,68,M,Yes
TAYLER,68,F,Yes
VANELLOPE,68,F,Yes
YEHUDIS,68,F,Yes
YULIANNA,68,F,Yes
ADALYNE,67,F,Yes
ALEA,67,F,Yes
ANALY,67,F,Yes
ANIRUDH,67,M,Yes
ANVIKA,67,F,Yes
AZALIA,67,F,Yes
AZIYAH,67,F,Yes
BOBBI,67,F,Yes
BRILEE,67,F,Yes
CAMELLIA,67,F,Yes
CROIX,67,M,Yes
CUTTER,67,M,Yes
DAMIYAH,67,F,Yes
DAYSON,67,M,Yes
EIVIN,67,M,Yes
ELOWYN,67,F,Yes
ELYZA,67,F,Yes
GENE,67,M,Yes
HASHIM,67,M,Yes
HOLT,67,M,Yes
IRMA,67,F,Yes
ISSABELLA,67,F,Yes
JAREN,67,M,Yes
JERMIAH,67,M,Yes
KADIN,67,M,Yes
KAGE,67,M,Yes
KAMARIA,67,F,Yes
KENSIE,67,F,Yes
KEYLI,67,F,Yes
KHALIYAH,67,F,Yes
KRISTIANA,67,F,Yes
LENORE,67,F,Yes
LEX,67,M,Yes
LIZ,67,F,Yes
MAXSON,67,M,Yes
MELANNY,67,F,Yes
NEVIN,67,M,Yes
OSIEL,67,M,Yes
POLINA,67,F,Yes
SAKURA,67,F,Yes
STORY,67,F,Yes
TAYSON,67,M,Yes
TOM,67,M,Yes
TRAVON,67,M,Yes
XYLA,67,F,Yes
YASMINA,67,F,Yes
YOHAN,67,M,Yes
ZANIAH,67,F,Yes
ZYION,67,M,Yes
ADRIANNE,66,F,Yes
AKHIL,66,M,Yes
ALAYNAH,66,F,Yes
AMADEUS,66,M,Yes
AMNA,66,F,Yes
ARAM,66,M,Yes
ASAEL,66,M,Yes
AURIA,66,F,Yes
CARMELLO,66,M,Yes
DALLIN,66,M,Yes
DAYANARA,66,F,Yes
DEANTHONY,66,M,Yes
EIAN,66,M,Yes
ELANI,66,F,Yes
EMMANUELLA,66,F,Yes
EMMERY,66,F,Yes
EMPRESS,66,F,Yes
ERIS,66,F,Yes
ESHAN,66,M,Yes
EYAD,66,M,Yes
FAISAL,66,M,Yes
HOSEA,66,M,Yes
ISRA,66,F,Yes
JAILYNE,66,F,Yes
JARIAH,66,F,Yes
JOSELIN,66,F,Yes
JUSTINA,66,F,Yes
KAMERYN,66,F,Yes
KAROL,66,F,Yes
KENAI,66,M,Yes
KOLTYN,66,M,Yes
KYMBER,66,F,Yes
LANI,66,F,Yes
LENIN,66,M,Yes
MALIHA,66,F,Yes
MARIGOLD,66,F,Yes
MARLA,66,F,Yes
MARSHAL,66,M,Yes
PAULO,66,M,Yes
RADLEY,66,M,Yes
RAGHAV,66,M,Yes
REVA,66,F,Yes
RIGGS,66,M,Yes
ROSANNA,66,F,Yes
SEVEN,66,M,Yes
SIMCHA,66,M,Yes
TYRA,66,F,Yes
UMA,66,F,Yes
WILLEM,66,M,Yes
WYNN,66,M,Yes
ZOEE,66,F,Yes
ALEXANDREA,65,F,Yes
ANNSLEY,65,F,Yes
AZIEL,65,M,Yes
BLAKELYN,65,F,Yes
BRANDY,65,F,Yes
BRAYLAN,65,M,Yes
BRYLAN,65,M,Yes
CHELSIE,65,F,Yes
CITLALY,65,F,Yes
CRU,65,M,Yes
CRUZE,65,M,Yes
DAELYN,65,F,Yes
DELILA,65,F,Yes
DESTINEY,65,F,Yes
EASTYN,65,M,Yes
EMALINE,65,F,Yes
EROS,65,M,Yes
GENARO,65,M,Yes
HERNAN,65,M,Yes
HUDA,65,F,Yes
IRELYN,65,F,Yes
JAZLEEN,65,F,Yes
JOSELINE,65,F,Yes
KALEN,65,M,Yes
KALLIOPE,65,F,Yes
KAYDIN,65,M,Yes
KEVON,65,M,Yes
KYNSLEY,65,F,Yes
LANDIN,65,M,Yes
MATTISON,65,F,Yes
ORSON,65,M,Yes
RUSH,65,M,Yes
SHLOK,65,M,Yes
SOLANA,65,F,Yes
STORMIE,65,F,Yes
YECHIEL,65,M,Yes
AALIYA,64,F,Yes
ADAMARIS,64,F,Yes
ADONAI,64,M,Yes
ALYNNA,64,F,Yes
ANALI,64,F,Yes
ANALISA,64,F,Yes
ANGELIA,64,F,Yes
ARALYNN,64,F,Yes
AYANSH,64,M,Yes
AYLAN,64,M,Yes
AZLYN,64,F,Yes
BRENNON,64,M,Yes
BRILEIGH,64,F,Yes
BRILYNN,64,F,Yes
CAIA,64,F,Yes
CATHY,64,F,Yes
DARA,64,F,Yes
DAVE,64,M,Yes
EDYN,64,F,Yes
EMMALIN,64,F,Yes
EMREE,64,F,Yes
FINLAY,64,M,Yes
GRACEY,64,F,Yes
HARLYNN,64,F,Yes
HARMONEE,64,F,Yes
HENDRIK,64,M,Yes
ILEANA,64,F,Yes
IONA,64,F,Yes
JAMAAL,64,M,Yes
JERONIMO,64,M,Yes
KAILAH,64,F,Yes
KATANA,64,F,Yes
KENADIE,64,F,Yes
KLAY,64,M,Yes
LAKE,64,M,Yes
LAMYA,64,F,Yes
LAYNEE,64,F,Yes
LILLEE,64,F,Yes
MAKIYA,64,F,Yes
MAKYLA,64,F,Yes
MARILYNN,64,F,Yes
NAHOMY,64,F,Yes
NAOMY,64,F,Yes
NARIYAH,64,F,Yes
NEVE,64,F,Yes
OSWALDO,64,M,Yes
REGGIE,64,M,Yes
REHAN,64,M,Yes
SCOTLYN,64,F,Yes
YASH,64,M,Yes
YITTY,64,F,Yes
YSABELLA,64,F,Yes
ZAMIYAH,64,F,Yes
ZAYLAH,64,F,Yes
ZYAIR,64,M,Yes
ABHIRAM,63,M,Yes
ADAMARI,63,F,Yes
ADRYAN,63,M,Yes
AHANA,63,F,Yes
AIZAH,63,F,Yes
ALEIA,63,F,Yes
ALLIYAH,63,F,Yes
ANDROMEDA,63,F,Yes
ARMIN,63,M,Yes
AVAYAH,63,F,Yes
AYELEN,63,F,Yes
AZRAEL,63,M,Yes
BIRDIE,63,F,Yes
BRADFORD,63,M,Yes
BRIE,63,F,Yes
BRYANA,63,F,Yes
CATHRYN,63,F,Yes
CREE,63,M,Yes
DEVORA,63,F,Yes
ELIO,63,M,Yes
ESAI,63,M,Yes
EVERETTE,63,M,Yes
JAELA,63,F,Yes
JEANCARLOS,63,M,Yes
JOSETTE,63,F,Yes
KAHLIL,63,M,Yes
KENADI,63,F,Yes
KENDRIC,63,M,Yes
LAVINIA,63,F,Yes
LIESEL,63,F,Yes
LUCI,63,F,Yes
MALORIE,63,F,Yes
MAMADOU,63,M,Yes
MANUELA,63,F,Yes
MARQUES,63,M,Yes
MELANNIE,63,F,Yes
MYKEL,63,M,Yes
PARTH,63,M,Yes
PAX,63,M,Yes
RENA,63,F,Yes
RINA,63,F,Yes
RIYAN,63,M,Yes
ROBBIE,63,M,Yes
RYA,63,F,Yes
SURY,63,F,Yes
THERESE,63,F,Yes
TIRZAH,63,F,Yes
TREYTON,63,M,Yes
ZAC,63,M,Yes
AARIZ,62,M,Yes
AHAAN,62,M,Yes
ALEKZANDER,62,M,Yes
AMBAR,62,F,Yes
AMEYA,62,F,Yes
ASAIAH,62,M,Yes
BRANTLY,62,M,Yes
BRYNLIE,62,F,Yes
CATARINA,62,F,Yes
CITLALLI,62,F,Yes
CRIMSON,62,F,Yes
DAKODA,62,M,Yes
DANIYA,62,F,Yes
DENALI,62,F,Yes
ELIZABELLA,62,F,Yes
ELTON,62,M,Yes
EMBERLEE,62,F,Yes
EVIANA,62,F,Yes
FEDERICO,62,M,Yes
GIULIETTA,62,F,Yes
GRANGER,62,M,Yes
HADEN,62,M,Yes
HAISLEY,62,F,Yes
JAYDAH,62,F,Yes
KAYLEI,62,F,Yes
KERRY,62,M,Yes
KIAH,62,F,Yes
KIMBERLEE,62,F,Yes
LANDRIE,62,F,Yes
LILLIA,62,F,Yes
LYANNA,62,F,Yes
LYNNLEE,62,F,Yes
MACYN,62,F,Yes
MALAIKA,62,F,Yes
MARLEN,62,F,Yes
MAVRICK,62,M,Yes
MAYCIE,62,F,Yes
NABIL,62,M,Yes
NAHUM,62,M,Yes
NATANAEL,62,M,Yes
PAETYN,62,F,Yes
PETE,62,M,Yes
SAMA,62,F,Yes
SAMAR,62,M,Yes
SARAYA,62,F,Yes
SHAINDY,62,F,Yes
SYLUS,62,M,Yes
TYRION,62,M,Yes
UZIEL,62,M,Yes
VANIA,62,F,Yes
ZAHRAA,62,F,Yes
ADALY,61,F,Yes
ADIRA,61,F,Yes
ADISON,61,F,Yes
AHUVA,61,F,Yes
ALISE,61,F,Yes
ALIYANNA,61,F,Yes
ALIZE,61,F,Yes
ARIK,61,M,Yes
ARLEY,61,M,Yes
BRITANY,61,F,Yes
CAIDENCE,61,F,Yes
CALEN,61,M,Yes
CAMERYN,61,F,Yes
CASSIA,61,F,Yes
CRAWFORD,61,M,Yes
DARSH,61,M,Yes
DAYLIN,61,M,Yes
DIA,61,F,Yes
ELANOR,61,F,Yes
ELLIOTTE,61,F,Yes
ESTEFANI,61,F,Yes
EVELYNNE,61,F,Yes
EVY,61,F,Yes
GARRET,61,M,Yes
HARBOR,61,F,Yes
INEZ,61,F,Yes
JAVIEN,61,M,Yes
JAYCEN,61,M,Yes
JESSI,61,F,Yes
KENSI,61,F,Yes
KENSLEIGH,61,F,Yes
KENTRELL,61,M,Yes
KHOLE,61,F,Yes
LEEANN,61,F,Yes
LINDY,61,F,Yes
LORA,61,F,Yes
MADDYN,61,F,Yes
MADELYNE,61,F,Yes
MADISEN,61,F,Yes
MAJA,61,F,Yes
MAKYNLEE,61,F,Yes
MARIUS,61,M,Yes
MICHELE,61,F,Yes
MIRABELLA,61,F,Yes
NALAH,61,F,Yes
NELL,61,F,Yes
PHILIPPA,61,F,Yes
RAILYNN,61,F,Yes
RAZAN,61,F,Yes
RHODES,61,M,Yes
RIOT,61,M,Yes
SAMIAH,61,F,Yes
SERINA,61,F,Yes
SHELTON,61,M,Yes
SKYLYN,61,F,Yes
SUZANNA,61,F,Yes
SYLIS,61,M,Yes
TAIDEN,61,M,Yes
TIDUS,61,M,Yes
TIM,61,M,Yes
TRAYVON,61,M,Yes
WAYLEN,61,M,Yes
YESSENIA,61,F,Yes
ZAKARI,61,M,Yes
ZOFIA,61,F,Yes
ALASKA,60,F,Yes
ALYA,60,F,Yes
ANALIAH,60,F,Yes
ARIC,60,M,Yes
ARIN,60,M,Yes
ARIS,60,M,Yes
ARSEMA,60,F,Yes
ASHTEN,60,M,Yes
AYDENN,60,M,Yes
BRAILYNN,60,F,Yes
CHRISTA,60,F,Yes
CY,60,M,Yes
DINAH,60,F,Yes
EMORIE,60,F,Yes
HANAN,60,F,Yes
HARIS,60,M,Yes
HAVYN,60,F,Yes
HIBA,60,F,Yes
IGNATIUS,60,M,Yes
IQRA,60,F,Yes
IZABELL,60,F,Yes
JEDEDIAH,60,M,Yes
KAMBRIE,60,F,Yes
KAMI,60,F,Yes
KARRINGTON,60,F,Yes
KHLOEY,60,F,Yes
KITANA,60,F,Yes
LAVENDER,60,F,Yes
LEYAH,60,F,Yes
LIZZIE,60,F,Yes
MAYER,60,M,Yes
MAYLANI,60,F,Yes
NATALI,60,F,Yes
NAVAEH,60,F,Yes
NIVAAN,60,M,Yes
RIDER,60,M,Yes
ROBERTA,60,F,Yes
SAFIA,60,F,Yes
TAMIR,60,M,Yes
TATYANA,60,F,Yes
TAVEN,60,M,Yes
TYUS,60,M,Yes
VERITY,60,F,Yes
WEDNESDAY,60,F,Yes
WINRY,60,F,Yes
XENIA,60,F,Yes
YADIER,60,M,Yes
ZAMIRA,60,F,Yes
ADRIANO,59,M,Yes
ADYN,59,M,Yes
AILIN,59,F,Yes
ALAURA,59,F,Yes
ALEIDA,59,F,Yes
ALYCIA,59,F,Yes
AMAIRANY,59,F,Yes
ANAMARIA,59,F,Yes
ARINA,59,F,Yes
AYRA,59,F,Yes
AZENETH,59,F,Yes
BELLAROSE,59,F,Yes
BRINLEIGH,59,F,Yes
BRODEN,59,M,Yes
BROOKLIN,59,F,Yes
BRYSTAL,59,F,Yes
CAINE,59,M,Yes
DANYA,59,F,Yes
DARON,59,M,Yes
DEJUAN,59,M,Yes
ELLAH,59,F,Yes
EMORI,59,F,Yes
ESMAE,59,F,Yes
GEOVANNY,59,M,Yes
HANIYA,59,F,Yes
HARLEN,59,M,Yes
HENRIETTA,59,F,Yes
HUTSON,59,M,Yes
JACKELYN,59,F,Yes
JANYLAH,59,F,Yes
JENESSA,59,F,Yes
JESHUA,59,M,Yes
KAIDAN,59,M,Yes
KEANDRE,59,M,Yes
KENDYLL,59,F,Yes
KLARISSA,59,F,Yes
LAIKEN,59,F,Yes
LAKYNN,59,F,Yes
LAURENCE,59,M,Yes
LIZETTE,59,F,Yes
LULU,59,F,Yes
MAKYNZIE,59,F,Yes
MARISELA,59,F,Yes
MAYZIE,59,F,Yes
MCKENZI,59,F,Yes
MYRACLE,59,F,Yes
NEELA,59,F,Yes
NELLA,59,F,Yes
OLGA,59,F,Yes
SAEED,59,M,Yes
SNOW,59,F,Yes
WOODROW,59,M,Yes
YUVAN,59,M,Yes
YUVRAJ,59,M,Yes
ABELARDO,58,M,Yes
ALSTON,58,M,Yes
AMILA,58,F,Yes
ARLEEN,58,F,Yes
ARMON,58,M,Yes
AZARI,58,F,Yes
BAY,58,F,Yes
BECKY,58,F,Yes
BERENICE,58,F,Yes
BURKE,58,M,Yes
CAILYNN,58,F,Yes
CATE,58,F,Yes
CEDRICK,58,M,Yes
CHLOEE,58,F,Yes
CIANNA,58,F,Yes
CONAN,58,M,Yes
CORRINE,58,F,Yes
DELAINEY,58,F,Yes
DELPHINE,58,F,Yes
DEONNA,58,F,Yes
DEVLIN,58,M,Yes
DIVYA,58,F,Yes
EMAN,58,F,Yes
ESMEE,58,F,Yes
FABIANA,58,F,Yes
ISHANI,58,F,Yes
ISREAL,58,M,Yes
JAEDA,58,F,Yes
JAVIN,58,M,Yes
JAYME,58,F,Yes
JAYMIE,58,F,Yes
JOAH,58,M,Yes
JULISA,58,F,Yes
KAINEN,58,M,Yes
KALIE,58,F,Yes
KALISTA,58,F,Yes
KEISHA,58,F,Yes
KOLIN,58,M,Yes
KRIS,58,M,Yes
KYLIEE,58,F,Yes
LILI,58,F,Yes
MALEA,58,F,Yes
MALIKI,58,M,Yes
MARKAYLA,58,F,Yes
MILIANA,58,F,Yes
NAHOMI,58,F,Yes
NICOLLE,58,F,Yes
OAKLIE,58,F,Yes
OFELIA,58,F,Yes
PERCY,58,M,Yes
ROCHELLE,58,F,Yes
SAMYA,58,F,Yes
SEPHORA,58,F,Yes
SILVANA,58,F,Yes
SVEN,58,M,Yes
TAI,58,M,Yes
TALEN,58,M,Yes
TAVIN,58,M,Yes
TAVION,58,M,Yes
THANE,58,M,Yes
TYLEE,58,F,Yes
WOLF,58,M,Yes
XAVIAN,58,M,Yes
ZIYAD,58,M,Yes
AARIYAH,57,F,Yes
ABHINAV,57,M,Yes
ALAIN,57,M,Yes
ALIANNAH,57,F,Yes
ARLEN,57,M,Yes
AULANI,57,F,Yes
AVEREE,57,F,Yes
BLAYZE,57,M,Yes
BRITTA,57,F,Yes
CALIANA,57,F,Yes
CAMDON,57,M,Yes
DARRIN,57,M,Yes
DOMENICO,57,M,Yes
DOMINGO,57,M,Yes
DRESDEN,57,M,Yes
ELLENA,57,F,Yes
ELOISA,57,F,Yes
EMMAH,57,F,Yes
EOIN,57,M,Yes
HAWKINS,57,M,Yes
HERMIONE,57,F,Yes
HOSANNA,57,F,Yes
JAHZARA,57,F,Yes
JERIAH,57,M,Yes
JEWELS,57,F,Yes
JODY,57,M,Yes
JOELLA,57,F,Yes
KALEO,57,M,Yes
KANIYA,57,F,Yes
KARON,57,M,Yes
KAYCEN,57,M,Yes
KENZY,57,F,Yes
KNIGHT,57,M,Yes
LARIAH,57,F,Yes
MAHIR,57,M,Yes
MARICELA,57,F,Yes
MATT,57,M,Yes
NAYOMI,57,F,Yes
OAKLYNN,57,F,Yes
OCTAVIUS,57,M,Yes
PAOLO,57,M,Yes
PRYCE,57,M,Yes
RAYAAN,57,M,Yes
SHAELYNN,57,F,Yes
SICILY,57,F,Yes
SUNSHINE,57,F,Yes
TIERRA,57,F,Yes
YISRAEL,57,M,Yes
ZENA,57,F,Yes
ABDALLAH,56,M,Yes
ADAIR,56,M,Yes
ADELYNE,56,F,Yes
ALAA,56,F,Yes
ALLANA,56,F,Yes
AMADOU,56,M,Yes
ARALYN,56,F,Yes
ASHLIN,56,F,Yes
AVAN,56,M,Yes
BAYRON,56,M,Yes
BERNICE,56,F,Yes
BLAYKE,56,F,Yes
BRECKYN,56,F,Yes
BRITHANY,56,F,Yes
CAILEE,56,F,Yes
CALLISTA,56,F,Yes
CIANA,56,F,Yes
COLTIN,56,M,Yes
CORALYNN,56,F,Yes
DAIANA,56,F,Yes
DEMARIO,56,M,Yes
EBONY,56,F,Yes
ELYAS,56,M,Yes
FINNICK,56,M,Yes
INA,56,F,Yes
JAILA,56,F,Yes
JALISA,56,F,Yes
JAMEER,56,M,Yes
JAVEON,56,M,Yes
JAZIYAH,56,F,Yes
KALEIGHA,56,F,Yes
KARTHIK,56,M,Yes
LAVON,56,M,Yes
LAYKEN,56,F,Yes
LEYA,56,F,Yes
LIORA,56,F,Yes
MORDECAI,56,M,Yes
NATAN,56,M,Yes
OZZIE,56,M,Yes
ROMELLO,56,M,Yes
RYU,56,M,Yes
SAGAN,56,M,Yes
SALEH,56,M,Yes
SAMPSON,56,M,Yes
SELIM,56,M,Yes
SIMONA,56,F,Yes
SIOBHAN,56,F,Yes
SKAI,56,F,Yes
THOMPSON,56,M,Yes
TOWNES,56,M,Yes
TREVION,56,M,Yes
TRUE,56,M,Yes
AISLIN,55,F,Yes
AMAN,55,M,Yes
AMERE,55,M,Yes
ANGELYN,55,F,Yes
ANORA,55,F,Yes
AVRI,55,F,Yes
AVYAAN,55,M,Yes
AYAT,55,F,Yes
AZIZ,55,M,Yes
BENJI,55,M,Yes
CHAUNCEY,55,M,Yes
CHERYL,55,F,Yes
CHOLE,55,F,Yes
COLLIER,55,M,Yes
EIDEN,55,M,Yes
ELIGH,55,M,Yes
EMILE,55,M,Yes
EREN,55,M,Yes
ESHA,55,F,Yes
EZRI,55,F,Yes
FRANCINE,55,F,Yes
GAVEN,55,M,Yes
HAWK,55,M,Yes
HERO,55,M,Yes
HUNTLEY,55,M,Yes
IZRAEL,55,M,Yes
JASEN,55,M,Yes
JERRICK,55,M,Yes
KAIZEN,55,M,Yes
KAL,55,M,Yes
KAMBRI,55,F,Yes
KAMRAN,55,M,Yes
KEGAN,55,M,Yes
LEYLAH,55,F,Yes
LISETTE,55,F,Yes
MARCELL,55,M,Yes
MARLEI,55,F,Yes
MIKHAEL,55,M,Yes
NAIRA,55,F,Yes
NILE,55,M,Yes
NOVALEIGH,55,F,Yes
NYJAH,55,M,Yes
OAKLYN,55,F,Yes
PANDORA,55,F,Yes
PENN,55,M,Yes
RAMI,55,M,Yes
REVAN,55,M,Yes
ROSALEIGH,55,F,Yes
ROXIE,55,F,Yes
SAHAR,55,F,Yes
SAMARAH,55,F,Yes
SAMIRAH,55,F,Yes
SHAKIRA,55,F,Yes
SHAQUILLE,55,M,Yes
TALITHA,55,F,Yes
TREVIN,55,M,Yes
TRINITEE,55,F,Yes
TYANNA,55,F,Yes
YASSIN,55,M,Yes
ZIYAH,55,F,Yes
ZURIEL,55,M,Yes
ZYLAH,55,F,Yes